-- phpMyAdmin SQL Dump
-- version 4.6.5.2
-- https://www.phpmyadmin.net/
--
-- Host: 127.0.0.1
-- Generation Time: 04 Jun 2018 pada 22.07
-- Versi Server: 10.1.21-MariaDB
-- PHP Version: 7.0.15

SET SQL_MODE = "NO_AUTO_VALUE_ON_ZERO";
SET time_zone = "+00:00";


/*!40101 SET @OLD_CHARACTER_SET_CLIENT=@@CHARACTER_SET_CLIENT */;
/*!40101 SET @OLD_CHARACTER_SET_RESULTS=@@CHARACTER_SET_RESULTS */;
/*!40101 SET @OLD_COLLATION_CONNECTION=@@COLLATION_CONNECTION */;
/*!40101 SET NAMES utf8mb4 */;

--
-- Database: `cobayii`
--

-- --------------------------------------------------------

--
-- Struktur dari tabel `bon`
--

CREATE TABLE `bon` (
  `id_bon` int(11) NOT NULL,
  `bon_sopir` int(11) NOT NULL,
  `bon_kondektur` int(11) NOT NULL
) ENGINE=InnoDB DEFAULT CHARSET=latin1;

-- --------------------------------------------------------

--
-- Struktur dari tabel `bus`
--

CREATE TABLE `bus` (
  `id_bus` int(11) NOT NULL,
  `no_polisi` varchar(10) NOT NULL,
  `jam_operasional` varchar(10) NOT NULL,
  `id_jurusan` int(20) NOT NULL,
  `status` int(1) NOT NULL DEFAULT '1' COMMENT '1=pagi,2=malam'
) ENGINE=InnoDB DEFAULT CHARSET=latin1;

--
-- Dumping data untuk tabel `bus`
--

INSERT INTO `bus` (`id_bus`, `no_polisi`, `jam_operasional`, `id_jurusan`, `status`) VALUES
(1, 'S 7005 US', '0:50:00', 1, 1),
(2, 'S 7351 US', '1:17:00', 2, 1),
(3, 'S 7296 US', '2:00:00', 3, 1),
(4, 'S 7537 US', '3:00:00', 1, 1),
(5, 'S 7330 US', '3:30:00', 3, 1),
(6, 'S 7358 US', '4:00:00', 2, 1),
(7, 'S 7352 US', '4:23:00', 1, 1),
(8, 'S 7335 US', '4:40:00', 1, 1),
(9, 'S 7509 US', '5:02:00', 1, 1),
(10, 'S 7538 US', '5:15:00', 3, 1),
(11, 'S 7357 US', '5:30:00', 1, 1),
(12, 'S 7332 US', '5:50:00', 3, 1),
(13, 'S 7521 US', '6:05:00', 2, 1),
(14, 'S 7355 US', '6:20:00', 1, 1),
(15, 'S 7121 US', '6:33:00', 3, 1),
(16, 'S 0000 US', '6:47:00', 1, 1),
(17, 'S 7535 US', '7:00:00', 1, 1),
(18, 'S 7501 US', '7:15:00', 3, 1),
(19, 'S 7512 US', '7:30:00', 1, 1),
(20, 'S 0000 US', '7:39:00', 1, 1),
(21, 'S 7366 US', '7:40:00', 3, 1),
(22, 'S 7299 US', '8:00:00', 1, 1),
(23, 'S 7511 US', '8:15:00', 2, 1),
(24, 'S 7239 US', '8:30:00', 3, 1),
(25, 'S 7561 US', '8:45:00', 1, 1),
(26, 'S 7522 US', '9:00:00', 1, 1),
(27, 'S 0000 US', '9:09:00', 3, 1),
(28, 'S 7353 US', '9:15:00', 1, 1),
(29, 'S 7500 US', '9:25:00', 2, 1),
(30, 'S 7052 US', '9:40:00', 3, 1),
(31, 'S 7808 US', '10:00:00', 3, 1),
(32, 'S 7806 US', '10:15:00', 1, 1),
(33, 'S 7122 US', '10:30:00', 3, 1),
(34, 'S 7333 US', '10:45:00', 2, 1),
(35, 'S 7151 US', '11:02:00', 3, 1),
(36, 'S 7123 US', '11:20:00', 3, 1),
(37, 'S 0000 US', '11:35:00', 2, 1),
(38, 'S 7036 US', '12:00:00', 3, 1),
(39, 'S 7132 US', '12:15:00', 3, 1),
(40, 'S 7035 US', '12:30:00', 3, 1),
(41, 'S 7198 US', '12:50:00', 3, 1),
(42, 'S 7050 US', '13:05:00', 3, 1),
(43, 'S 0000 US', '13:20:00', 0, 1),
(44, 'S 7367 US', '13:45:00', 2, 2),
(45, 'S 7053 US', '14:00:00', 3, 2),
(46, 'S 7517 US', '14:15:00', 2, 2),
(47, 'S 7133 US', '14:30:00', 3, 2),
(48, 'S 0000 US', '15:30:00', 3, 2),
(49, 'S 7329 US', '15:45:00', 3, 2),
(50, 'S 7150 US', '16:00:00', 3, 2),
(51, 'S 7137 US', '16:15:00', 3, 1),
(52, 'S 7009 US', '16:30:00', 3, 1),
(53, 'S 0000 US', '16:50:00', 3, 1),
(54, 'S 7251 US', '17:00:00', 3, 1),
(55, 'S 7560 US', '17:20:00', 1, 1),
(56, 'S 7339 US', '17:40:00', 2, 1),
(57, 'S 7508 US', '18:00:00', 1, 1),
(58, 'S 7298 US', '18:15:00', 3, 1),
(59, 'S 7368 US', '18:30:00', 3, 1),
(60, 'S 7360 US', '18:45:00', 1, 1),
(61, 'S 7356 US', '19:00:00', 1, 1),
(62, 'S 0000 US', '19:15:00', 1, 1),
(63, 'S 7503 US', '19:30:00', 2, 1),
(64, 'S 7518 US', '19:45:00', 1, 1),
(65, 'S 7369 US', '20:00:00', 1, 1),
(66, 'S 7233 US', '20:09:00', 3, 1),
(67, 'S 7331 US', '20:18:00', 1, 1),
(68, 'S 7502 US', '20:30:00', 2, 1),
(69, 'S 7539 US', '20:45:00', 1, 1),
(70, 'S 7510 US', '21:00:00', 1, 1),
(71, 'S 7519 US', '21:15:00', 1, 1),
(72, 'S 7359 US', '21:30:00', 1, 1),
(73, 'S 7505 US', '21:48:00', 2, 1),
(74, 'S 7520 US', '22:00:00', 1, 1),
(75, 'S 7135 US', '22:09:00', 3, 1),
(76, 'S 7337 US', '22:18:00', 1, 1),
(77, 'S 7515 US', '22:30:00', 3, 1),
(78, 'S 7536 US', '22:45:00', 1, 1),
(79, 'S 0000 US', '23:00:00', 3, 1),
(80, 'S 0000 US', '23:09:00', 1, 1),
(81, 'S 7365 US', '23:18:00', 2, 1),
(82, 'S 7506 US', '23:30:00', 3, 1),
(83, 'S 7513 US', '23:45:00', 1, 1),
(84, 'S 0000 US', '0:00:00', 3, 1),
(85, 'S 7297 US', '0:15:00', 3, 1),
(86, 'S 0000 US', '0:30:00', 3, 1);

-- --------------------------------------------------------

--
-- Struktur dari tabel `gaji`
--

CREATE TABLE `gaji` (
  `id_gaji` int(10) NOT NULL,
  `id_pegawai` int(11) NOT NULL,
  `jumlah_gaji` int(20) NOT NULL,
  `status_gaji` varchar(10) NOT NULL,
  `waktu_gaji` date NOT NULL
) ENGINE=InnoDB DEFAULT CHARSET=latin1;

--
-- Dumping data untuk tabel `gaji`
--

INSERT INTO `gaji` (`id_gaji`, `id_pegawai`, `jumlah_gaji`, `status_gaji`, `waktu_gaji`) VALUES
(1, 0, 150000, 'ya', '0000-00-00'),
(2, 0, 1000000, 'tidak', '2018-03-28');

-- --------------------------------------------------------

--
-- Struktur dari tabel `hutang`
--

CREATE TABLE `hutang` (
  `id_hutang` int(10) NOT NULL,
  `jumlah_hutang` int(20) NOT NULL,
  `status_hutang` varchar(10) NOT NULL,
  `alasan` varchar(20) NOT NULL
) ENGINE=InnoDB DEFAULT CHARSET=latin1;

--
-- Dumping data untuk tabel `hutang`
--

INSERT INTO `hutang` (`id_hutang`, `jumlah_hutang`, `status_hutang`, `alasan`) VALUES
(1, 300000, 'belum', 'belum ada uang'),
(2, 500000, 'belum', 'belum');

-- --------------------------------------------------------

--
-- Struktur dari tabel `izin`
--

CREATE TABLE `izin` (
  `id_izin` int(10) NOT NULL,
  `tgl_izin` date NOT NULL,
  `jenis_izin` varchar(20) NOT NULL,
  `id_pegawai` int(20) NOT NULL
) ENGINE=InnoDB DEFAULT CHARSET=latin1;

--
-- Dumping data untuk tabel `izin`
--

INSERT INTO `izin` (`id_izin`, `tgl_izin`, `jenis_izin`, `id_pegawai`) VALUES
(2, '0000-00-00', 'saki', 2),
(3, '0000-00-00', 'sakit', 3),
(4, '2018-03-28', 'sakit', 4),
(5, '2018-03-28', 'pulkam', 5),
(6, '2018-06-06', 'panuan', 133);

-- --------------------------------------------------------

--
-- Struktur dari tabel `jabatan`
--

CREATE TABLE `jabatan` (
  `id_jabatan` int(10) NOT NULL,
  `jenis_jabatan` varchar(20) NOT NULL
) ENGINE=InnoDB DEFAULT CHARSET=latin1;

--
-- Dumping data untuk tabel `jabatan`
--

INSERT INTO `jabatan` (`id_jabatan`, `jenis_jabatan`) VALUES
(1, 'sopir'),
(2, 'kondektur');

-- --------------------------------------------------------

--
-- Struktur dari tabel `jadwal_bus`
--

CREATE TABLE `jadwal_bus` (
  `id_jadwal` int(11) NOT NULL,
  `tanggal` date NOT NULL,
  `id_bus` int(10) NOT NULL,
  `id_jurusan` int(10) NOT NULL,
  `id_sopir` int(10) NOT NULL,
  `id_kondektur` int(10) NOT NULL
) ENGINE=InnoDB DEFAULT CHARSET=latin1;

--
-- Dumping data untuk tabel `jadwal_bus`
--

INSERT INTO `jadwal_bus` (`id_jadwal`, `tanggal`, `id_bus`, `id_jurusan`, `id_sopir`, `id_kondektur`) VALUES
(1, '2018-04-27', 1, 1, 0, 0),
(2, '2018-04-27', 2, 2, 0, 0),
(3, '2018-04-27', 3, 3, 0, 0),
(4, '2018-04-27', 4, 1, 4, 71),
(5, '2018-04-27', 5, 3, 5, 72),
(6, '2018-04-27', 6, 2, 0, 0),
(7, '2018-04-27', 7, 1, 7, 74),
(8, '2018-04-27', 8, 1, 0, 0),
(9, '2018-04-27', 9, 1, 8, 75),
(10, '2018-04-27', 10, 3, 9, 76),
(11, '2018-04-27', 11, 1, 10, 77),
(12, '2018-04-27', 12, 3, 11, 78),
(13, '2018-04-27', 13, 2, 12, 79),
(14, '2018-04-27', 14, 1, 13, 80),
(15, '2018-04-27', 15, 3, 0, 0),
(16, '2018-04-27', 16, 1, 0, 0),
(17, '2018-04-27', 17, 1, 14, 81),
(18, '2018-04-27', 18, 3, 15, 82),
(19, '2018-04-27', 19, 1, 16, 83),
(20, '2018-04-27', 20, 1, 0, 0),
(21, '2018-04-27', 21, 3, 17, 84),
(22, '2018-04-27', 22, 1, 18, 85),
(23, '2018-04-27', 23, 2, 19, 86),
(24, '2018-04-27', 24, 3, 20, 87),
(25, '2018-04-27', 25, 1, 21, 88),
(26, '2018-04-27', 26, 1, 22, 89),
(27, '2018-04-27', 27, 3, 0, 90),
(28, '2018-04-27', 28, 1, 23, 91),
(29, '2018-04-27', 29, 2, 24, 92),
(30, '2018-04-27', 30, 3, 25, 93),
(31, '2018-04-27', 31, 3, 26, 94),
(32, '2018-04-27', 32, 1, 27, 95),
(33, '2018-04-27', 33, 3, 28, 96),
(34, '2018-04-27', 34, 2, 29, 97),
(35, '2018-04-27', 35, 3, 0, 0),
(36, '2018-04-27', 36, 3, 30, 98),
(37, '2018-04-27', 37, 2, 0, 0),
(38, '2018-04-27', 38, 3, 31, 99),
(39, '2018-04-27', 39, 3, 0, 0),
(40, '2018-04-27', 40, 3, 32, 100),
(41, '2018-04-27', 41, 3, 0, 0),
(42, '2018-04-27', 42, 3, 33, 101),
(43, '2018-04-27', 43, 0, 0, 0),
(44, '2018-04-27', 44, 2, 34, 102),
(45, '2018-04-27', 45, 3, 35, 103),
(46, '2018-04-27', 46, 2, 36, 104),
(47, '2018-04-27', 47, 3, 37, 105),
(48, '2018-04-27', 48, 3, 0, 0),
(49, '2018-04-27', 49, 3, 38, 106),
(50, '2018-04-27', 50, 3, 39, 107),
(51, '2018-04-27', 51, 3, 40, 108),
(52, '2018-04-27', 52, 3, 0, 0),
(53, '2018-04-27', 53, 3, 0, 109),
(54, '2018-04-27', 54, 3, 41, 110),
(55, '2018-04-27', 55, 1, 42, 111),
(56, '2018-04-27', 56, 2, 43, 112),
(57, '2018-04-27', 57, 1, 44, 113),
(58, '2018-04-27', 58, 3, 45, 114),
(59, '2018-04-27', 59, 3, 46, 115),
(60, '2018-04-27', 60, 1, 47, 116),
(61, '2018-04-27', 61, 1, 48, 117),
(62, '2018-04-27', 62, 1, 0, 118),
(63, '2018-04-27', 63, 2, 49, 119),
(64, '2018-04-27', 64, 1, 50, 120),
(65, '2018-04-27', 65, 1, 51, 121),
(66, '2018-04-27', 66, 3, 0, 0),
(67, '2018-04-27', 67, 1, 52, 122),
(68, '2018-04-27', 68, 2, 53, 123),
(69, '2018-04-27', 69, 1, 54, 124),
(70, '2018-04-27', 70, 1, 55, 125),
(71, '2018-04-27', 71, 1, 56, 126),
(72, '2018-04-27', 72, 1, 57, 127),
(73, '2018-04-27', 73, 2, 58, 128),
(74, '2018-04-27', 74, 1, 59, 129),
(75, '2018-04-27', 75, 3, 60, 130),
(76, '2018-04-27', 76, 1, 61, 131),
(77, '2018-04-27', 77, 3, 62, 132),
(78, '2018-04-27', 78, 1, 63, 133),
(79, '2018-04-27', 79, 3, 0, 0),
(80, '2018-04-27', 80, 1, 0, 0),
(81, '2018-04-27', 81, 2, 64, 134),
(82, '2018-04-27', 82, 3, 65, 135),
(83, '2018-04-27', 83, 1, 66, 136),
(84, '2018-04-27', 84, 3, 0, 0),
(85, '2018-04-27', 85, 3, 67, 137),
(86, '2018-04-27', 86, 3, 0, 0),
(178, '2018-06-01', 1, 0, 1, 68),
(179, '2018-06-01', 2, 0, 0, 0),
(180, '2018-06-01', 3, 0, 0, 0),
(181, '2018-06-01', 4, 0, 0, 0),
(182, '2018-06-01', 5, 0, 0, 0),
(183, '2018-06-01', 6, 0, 0, 0),
(184, '2018-06-01', 7, 0, 0, 0),
(185, '2018-06-01', 8, 0, 0, 0),
(186, '2018-06-01', 9, 0, 0, 0),
(187, '2018-06-01', 10, 0, 0, 0),
(188, '2018-06-01', 11, 0, 0, 0),
(189, '2018-06-01', 12, 0, 0, 0),
(190, '2018-06-01', 13, 0, 0, 0),
(191, '2018-06-01', 14, 0, 0, 0),
(192, '2018-06-01', 15, 0, 0, 0),
(193, '2018-06-01', 16, 0, 0, 0),
(194, '2018-06-01', 17, 0, 0, 0),
(195, '2018-06-01', 18, 0, 0, 0),
(196, '2018-06-01', 19, 0, 0, 0),
(197, '2018-06-01', 20, 0, 0, 0),
(198, '2018-06-01', 21, 0, 0, 0),
(199, '2018-06-01', 22, 0, 0, 0),
(200, '2018-06-01', 23, 0, 0, 0),
(201, '2018-06-01', 24, 0, 0, 0),
(202, '2018-06-01', 25, 0, 0, 0),
(203, '2018-06-01', 26, 0, 0, 0),
(204, '2018-06-01', 27, 0, 0, 0),
(205, '2018-06-01', 28, 0, 0, 0),
(206, '2018-06-01', 29, 0, 0, 0),
(207, '2018-06-01', 30, 0, 0, 0),
(208, '2018-06-01', 31, 0, 0, 0),
(209, '2018-06-01', 32, 0, 0, 0),
(210, '2018-06-01', 33, 0, 0, 0),
(211, '2018-06-01', 34, 0, 0, 0),
(212, '2018-06-01', 35, 0, 0, 0),
(213, '2018-06-01', 36, 0, 0, 0),
(214, '2018-06-01', 37, 0, 0, 0),
(215, '2018-06-01', 38, 0, 0, 0),
(216, '2018-06-01', 39, 0, 0, 0),
(217, '2018-06-01', 40, 0, 0, 0),
(218, '2018-06-01', 41, 0, 0, 0),
(219, '2018-06-01', 42, 0, 0, 0),
(220, '2018-06-01', 43, 0, 0, 0),
(221, '2018-06-01', 44, 0, 0, 0),
(222, '2018-06-01', 45, 0, 0, 0),
(223, '2018-06-01', 46, 0, 0, 0),
(224, '2018-06-01', 47, 0, 0, 0),
(225, '2018-06-01', 48, 0, 0, 0),
(226, '2018-06-01', 49, 0, 0, 0),
(227, '2018-06-01', 50, 0, 0, 0),
(228, '2018-06-01', 51, 0, 0, 0),
(229, '2018-06-01', 52, 0, 0, 0),
(230, '2018-06-01', 53, 0, 0, 0),
(231, '2018-06-01', 54, 0, 0, 0),
(232, '2018-06-01', 55, 0, 0, 0),
(233, '2018-06-01', 56, 0, 0, 0),
(234, '2018-06-01', 57, 0, 0, 0),
(235, '2018-06-01', 58, 0, 0, 0),
(236, '2018-06-01', 59, 0, 0, 0),
(237, '2018-06-01', 60, 0, 0, 0),
(238, '2018-06-01', 61, 0, 0, 0),
(239, '2018-06-01', 62, 0, 0, 0),
(240, '2018-06-01', 63, 0, 0, 0),
(241, '2018-06-01', 64, 0, 0, 0),
(242, '2018-06-01', 65, 0, 0, 0),
(243, '2018-06-01', 66, 0, 0, 0),
(244, '2018-06-01', 67, 0, 0, 0),
(245, '2018-06-01', 68, 0, 0, 0),
(246, '2018-06-01', 69, 0, 0, 0),
(247, '2018-06-01', 70, 0, 0, 0),
(248, '2018-06-01', 71, 0, 0, 0),
(249, '2018-06-01', 72, 0, 0, 0),
(250, '2018-06-01', 73, 0, 0, 0),
(251, '2018-06-01', 74, 0, 0, 0),
(252, '2018-06-01', 75, 0, 0, 0),
(253, '2018-06-01', 76, 0, 0, 0),
(254, '2018-06-01', 77, 0, 0, 0),
(255, '2018-06-01', 78, 0, 0, 0),
(256, '2018-06-01', 79, 0, 0, 0),
(257, '2018-06-01', 80, 0, 0, 0),
(258, '2018-06-01', 81, 0, 0, 0),
(259, '2018-06-01', 82, 0, 0, 0),
(260, '2018-06-01', 83, 0, 0, 0),
(261, '2018-06-01', 84, 0, 0, 0),
(262, '2018-06-01', 85, 0, 0, 0),
(263, '2018-06-01', 86, 0, 0, 0),
(350, '2018-05-15', 1, 1, 0, 0),
(351, '2018-05-15', 2, 2, 2, 69),
(352, '2018-05-15', 3, 3, 3, 70),
(353, '2018-05-15', 4, 1, 4, 71),
(354, '2018-05-15', 5, 3, 5, 72),
(355, '2018-05-15', 6, 2, 6, 73),
(356, '2018-05-15', 7, 1, 1, 68),
(357, '2018-05-15', 8, 1, 8, 75),
(358, '2018-05-15', 9, 1, 9, 76),
(359, '2018-05-15', 10, 3, 10, 77),
(360, '2018-05-15', 11, 1, 11, 78),
(361, '2018-05-15', 12, 3, 12, 79),
(362, '2018-05-15', 13, 2, 13, 80),
(363, '2018-05-15', 14, 1, 14, 81),
(364, '2018-05-15', 15, 3, 15, 82),
(365, '2018-05-15', 16, 1, 16, 83),
(366, '2018-05-15', 17, 1, 17, 84),
(367, '2018-05-15', 18, 3, 18, 85),
(368, '2018-05-15', 19, 1, 19, 86),
(369, '2018-05-15', 20, 1, 20, 87),
(370, '2018-05-15', 21, 3, 21, 88),
(371, '2018-05-15', 22, 1, 22, 89),
(372, '2018-05-15', 23, 2, 23, 90),
(373, '2018-05-15', 24, 3, 24, 91),
(374, '2018-05-15', 25, 1, 25, 92),
(375, '2018-05-15', 26, 1, 26, 93),
(376, '2018-05-15', 27, 3, 27, 94),
(377, '2018-05-15', 28, 1, 28, 95),
(378, '2018-05-15', 29, 2, 29, 96),
(379, '2018-05-15', 30, 3, 30, 97),
(380, '2018-05-15', 31, 3, 31, 98),
(381, '2018-05-15', 32, 1, 32, 99),
(382, '2018-05-15', 33, 3, 33, 100),
(383, '2018-05-15', 34, 2, 34, 101),
(384, '2018-05-15', 35, 3, 35, 102),
(385, '2018-05-15', 36, 3, 36, 103),
(386, '2018-05-15', 37, 2, 37, 104),
(387, '2018-05-15', 38, 3, 38, 105),
(388, '2018-05-15', 39, 3, 39, 106),
(389, '2018-05-15', 40, 3, 40, 107),
(390, '2018-05-15', 41, 3, 41, 108),
(391, '2018-05-15', 42, 3, 42, 109),
(392, '2018-05-15', 43, 0, 0, 0),
(393, '2018-05-15', 44, 2, 44, 111),
(394, '2018-05-15', 45, 3, 0, 0),
(395, '2018-05-15', 46, 2, 0, 0),
(396, '2018-05-15', 47, 3, 0, 0),
(397, '2018-05-15', 48, 3, 0, 0),
(398, '2018-05-15', 49, 3, 0, 0),
(399, '2018-05-15', 50, 3, 0, 0),
(400, '2018-05-15', 51, 3, 0, 0),
(401, '2018-05-15', 52, 3, 0, 0),
(402, '2018-05-15', 53, 3, 0, 0),
(403, '2018-05-15', 54, 3, 0, 0),
(404, '2018-05-15', 55, 1, 0, 0),
(405, '2018-05-15', 56, 2, 0, 0),
(406, '2018-05-15', 57, 1, 0, 0),
(407, '2018-05-15', 58, 3, 0, 0),
(408, '2018-05-15', 59, 3, 0, 0),
(409, '2018-05-15', 60, 1, 0, 0),
(410, '2018-05-15', 61, 1, 0, 0),
(411, '2018-05-15', 62, 1, 0, 0),
(412, '2018-05-15', 63, 2, 0, 0),
(413, '2018-05-15', 64, 1, 0, 0),
(414, '2018-05-15', 65, 1, 0, 0),
(415, '2018-05-15', 66, 3, 0, 0),
(416, '2018-05-15', 67, 1, 0, 0),
(417, '2018-05-15', 68, 2, 0, 0),
(418, '2018-05-15', 69, 1, 0, 0),
(419, '2018-05-15', 70, 1, 0, 0),
(420, '2018-05-15', 71, 1, 0, 0),
(421, '2018-05-15', 72, 1, 0, 0),
(422, '2018-05-15', 73, 2, 0, 0),
(423, '2018-05-15', 74, 1, 0, 0),
(424, '2018-05-15', 75, 3, 0, 0),
(425, '2018-05-15', 76, 1, 0, 0),
(426, '2018-05-15', 77, 3, 0, 0),
(427, '2018-05-15', 78, 1, 0, 0),
(428, '2018-05-15', 79, 3, 0, 0),
(429, '2018-05-15', 80, 1, 0, 0),
(430, '2018-05-15', 81, 2, 0, 0),
(431, '2018-05-15', 82, 3, 0, 0),
(432, '2018-05-15', 83, 1, 0, 0),
(433, '2018-05-15', 84, 3, 0, 0),
(434, '2018-05-15', 85, 3, 0, 0),
(435, '2018-05-15', 86, 3, 0, 0),
(608, '2018-05-16', 1, 1, 1, 68),
(609, '2018-05-16', 2, 2, 3, 68),
(610, '2018-05-16', 3, 3, 3, 70),
(611, '2018-05-16', 4, 1, 4, 71),
(612, '2018-05-16', 5, 3, 5, 72),
(613, '2018-05-16', 6, 2, 6, 73),
(614, '2018-05-16', 7, 1, 7, 74),
(615, '2018-05-16', 8, 1, 0, 0),
(616, '2018-05-16', 9, 1, 8, 75),
(617, '2018-05-16', 10, 3, 9, 76),
(618, '2018-05-16', 11, 1, 10, 77),
(619, '2018-05-16', 12, 3, 11, 78),
(620, '2018-05-16', 13, 2, 12, 79),
(621, '2018-05-16', 14, 1, 13, 80),
(622, '2018-05-16', 15, 3, 0, 0),
(623, '2018-05-16', 16, 1, 0, 0),
(624, '2018-05-16', 17, 1, 14, 81),
(625, '2018-05-16', 18, 3, 15, 82),
(626, '2018-05-16', 19, 1, 16, 83),
(627, '2018-05-16', 20, 1, 0, 0),
(628, '2018-05-16', 21, 3, 17, 84),
(629, '2018-05-16', 22, 1, 18, 85),
(630, '2018-05-16', 23, 2, 19, 86),
(631, '2018-05-16', 24, 3, 20, 87),
(632, '2018-05-16', 25, 1, 21, 88),
(633, '2018-05-16', 26, 1, 22, 89),
(634, '2018-05-16', 27, 3, 0, 90),
(635, '2018-05-16', 28, 1, 23, 91),
(636, '2018-05-16', 29, 2, 24, 92),
(637, '2018-05-16', 30, 3, 25, 93),
(638, '2018-05-16', 31, 3, 26, 94),
(639, '2018-05-16', 32, 1, 27, 95),
(640, '2018-05-16', 33, 3, 28, 96),
(641, '2018-05-16', 34, 2, 29, 97),
(642, '2018-05-16', 35, 3, 0, 0),
(643, '2018-05-16', 36, 3, 30, 98),
(644, '2018-05-16', 37, 2, 0, 0),
(645, '2018-05-16', 38, 3, 31, 99),
(646, '2018-05-16', 39, 3, 0, 0),
(647, '2018-05-16', 40, 3, 32, 100),
(648, '2018-05-16', 41, 3, 0, 0),
(649, '2018-05-16', 42, 3, 33, 101),
(650, '2018-05-16', 43, 0, 0, 0),
(651, '2018-05-16', 44, 2, 34, 102),
(652, '2018-05-16', 45, 3, 35, 103),
(653, '2018-05-16', 46, 2, 36, 104),
(654, '2018-05-16', 47, 3, 37, 105),
(655, '2018-05-16', 48, 3, 0, 0),
(656, '2018-05-16', 49, 3, 38, 106),
(657, '2018-05-16', 50, 3, 39, 107),
(658, '2018-05-16', 51, 3, 40, 108),
(659, '2018-05-16', 52, 3, 0, 0),
(660, '2018-05-16', 53, 3, 0, 109),
(661, '2018-05-16', 54, 3, 41, 110),
(662, '2018-05-16', 55, 1, 42, 111),
(663, '2018-05-16', 56, 2, 43, 112),
(664, '2018-05-16', 57, 1, 44, 113),
(665, '2018-05-16', 58, 3, 45, 114),
(666, '2018-05-16', 59, 3, 46, 115),
(667, '2018-05-16', 60, 1, 47, 116),
(668, '2018-05-16', 61, 1, 48, 117),
(669, '2018-05-16', 62, 1, 0, 118),
(670, '2018-05-16', 63, 2, 49, 119),
(671, '2018-05-16', 64, 1, 50, 120),
(672, '2018-05-16', 65, 1, 51, 121),
(673, '2018-05-16', 66, 3, 0, 0),
(674, '2018-05-16', 67, 1, 52, 122),
(675, '2018-05-16', 68, 2, 53, 123),
(676, '2018-05-16', 69, 1, 54, 124),
(677, '2018-05-16', 70, 1, 55, 125),
(678, '2018-05-16', 71, 1, 56, 126),
(679, '2018-05-16', 72, 1, 57, 127),
(680, '2018-05-16', 73, 2, 58, 128),
(681, '2018-05-16', 74, 1, 59, 129),
(682, '2018-05-16', 75, 3, 60, 130),
(683, '2018-05-16', 76, 1, 61, 131),
(684, '2018-05-16', 77, 3, 62, 132),
(685, '2018-05-16', 78, 1, 63, 133),
(686, '2018-05-16', 79, 3, 0, 0),
(687, '2018-05-16', 80, 1, 0, 0),
(688, '2018-05-16', 81, 2, 64, 134),
(689, '2018-05-16', 82, 3, 65, 135),
(690, '2018-05-16', 83, 1, 66, 136),
(691, '2018-05-16', 84, 3, 0, 0),
(692, '2018-05-16', 85, 3, 67, 137),
(693, '2018-05-16', 86, 3, 0, 0),
(1468, '2018-05-25', 1, 1, 0, 0),
(1469, '2018-05-25', 2, 2, 0, 0),
(1470, '2018-05-25', 3, 3, 0, 0),
(1471, '2018-05-25', 4, 1, 0, 0),
(1472, '2018-05-25', 5, 3, 0, 0),
(1473, '2018-05-25', 6, 2, 0, 0),
(1474, '2018-05-25', 7, 1, 0, 0),
(1475, '2018-05-25', 8, 1, 0, 0),
(1476, '2018-05-25', 9, 1, 0, 0),
(1477, '2018-05-25', 10, 3, 0, 0),
(1478, '2018-05-25', 11, 1, 0, 0),
(1479, '2018-05-25', 12, 3, 0, 0),
(1480, '2018-05-25', 13, 2, 0, 0),
(1481, '2018-05-25', 14, 1, 0, 0),
(1482, '2018-05-25', 15, 3, 0, 0),
(1483, '2018-05-25', 16, 1, 0, 0),
(1484, '2018-05-25', 17, 1, 0, 0),
(1485, '2018-05-25', 18, 3, 0, 0),
(1486, '2018-05-25', 19, 1, 0, 0),
(1487, '2018-05-25', 20, 1, 0, 0),
(1488, '2018-05-25', 21, 3, 0, 0),
(1489, '2018-05-25', 22, 1, 0, 0),
(1490, '2018-05-25', 23, 2, 0, 0),
(1491, '2018-05-25', 24, 3, 0, 0),
(1492, '2018-05-25', 25, 1, 0, 0),
(1493, '2018-05-25', 26, 1, 0, 0),
(1494, '2018-05-25', 27, 3, 0, 0),
(1495, '2018-05-25', 28, 1, 0, 0),
(1496, '2018-05-25', 29, 2, 0, 0),
(1497, '2018-05-25', 30, 3, 0, 0),
(1498, '2018-05-25', 31, 3, 0, 0),
(1499, '2018-05-25', 32, 1, 0, 0),
(1500, '2018-05-25', 33, 3, 0, 0),
(1501, '2018-05-25', 34, 2, 0, 0),
(1502, '2018-05-25', 35, 3, 0, 0),
(1503, '2018-05-25', 36, 3, 0, 0),
(1504, '2018-05-25', 37, 2, 0, 0),
(1505, '2018-05-25', 38, 3, 0, 0),
(1506, '2018-05-25', 39, 3, 0, 0),
(1507, '2018-05-25', 40, 3, 0, 0),
(1508, '2018-05-25', 41, 3, 0, 0),
(1509, '2018-05-25', 42, 3, 0, 0),
(1510, '2018-05-25', 43, 0, 0, 0),
(1511, '2018-05-25', 44, 2, 0, 0),
(1512, '2018-05-25', 45, 3, 0, 0),
(1513, '2018-05-25', 46, 2, 0, 0),
(1514, '2018-05-25', 47, 3, 0, 0),
(1515, '2018-05-25', 48, 3, 0, 0),
(1516, '2018-05-25', 49, 3, 0, 0),
(1517, '2018-05-25', 50, 3, 0, 0),
(1518, '2018-05-25', 51, 3, 0, 0),
(1519, '2018-05-25', 52, 3, 0, 0),
(1520, '2018-05-25', 53, 3, 0, 0),
(1521, '2018-05-25', 54, 3, 0, 0),
(1522, '2018-05-25', 55, 1, 0, 0),
(1523, '2018-05-25', 56, 2, 0, 0),
(1524, '2018-05-25', 57, 1, 0, 0),
(1525, '2018-05-25', 58, 3, 0, 0),
(1526, '2018-05-25', 59, 3, 0, 0),
(1527, '2018-05-25', 60, 1, 0, 0),
(1528, '2018-05-25', 61, 1, 0, 0),
(1529, '2018-05-25', 62, 1, 0, 0),
(1530, '2018-05-25', 63, 2, 0, 0),
(1531, '2018-05-25', 64, 1, 0, 0),
(1532, '2018-05-25', 65, 1, 0, 0),
(1533, '2018-05-25', 66, 3, 0, 0),
(1534, '2018-05-25', 67, 1, 0, 0),
(1535, '2018-05-25', 68, 2, 0, 0),
(1536, '2018-05-25', 69, 1, 0, 0),
(1537, '2018-05-25', 70, 1, 0, 0),
(1538, '2018-05-25', 71, 1, 0, 0),
(1539, '2018-05-25', 72, 1, 0, 0),
(1540, '2018-05-25', 73, 2, 0, 0),
(1541, '2018-05-25', 74, 1, 0, 0),
(1542, '2018-05-25', 75, 3, 0, 0),
(1543, '2018-05-25', 76, 1, 0, 0),
(1544, '2018-05-25', 77, 3, 0, 0),
(1545, '2018-05-25', 78, 1, 0, 0),
(1546, '2018-05-25', 79, 3, 0, 0),
(1547, '2018-05-25', 80, 1, 0, 0),
(1548, '2018-05-25', 81, 2, 0, 0),
(1549, '2018-05-25', 82, 3, 0, 0),
(1550, '2018-05-25', 83, 1, 0, 0),
(1551, '2018-05-25', 84, 3, 0, 0),
(1552, '2018-05-25', 85, 3, 0, 0),
(1553, '2018-05-25', 86, 3, 0, 0),
(1554, '2018-05-23', 1, 1, 0, 0),
(1555, '2018-05-23', 2, 2, 0, 0),
(1556, '2018-05-23', 3, 3, 0, 0),
(1557, '2018-05-23', 4, 1, 0, 0),
(1558, '2018-05-23', 5, 3, 0, 0),
(1559, '2018-05-23', 6, 2, 0, 0),
(1560, '2018-05-23', 7, 1, 0, 0),
(1561, '2018-05-23', 8, 1, 0, 0),
(1562, '2018-05-23', 9, 1, 0, 0),
(1563, '2018-05-23', 10, 3, 0, 0),
(1564, '2018-05-23', 11, 1, 0, 0),
(1565, '2018-05-23', 12, 3, 0, 0),
(1566, '2018-05-23', 13, 2, 0, 0),
(1567, '2018-05-23', 14, 1, 0, 0),
(1568, '2018-05-23', 15, 3, 0, 0),
(1569, '2018-05-23', 16, 1, 0, 0),
(1570, '2018-05-23', 17, 1, 0, 0),
(1571, '2018-05-23', 18, 3, 0, 0),
(1572, '2018-05-23', 19, 1, 0, 0),
(1573, '2018-05-23', 20, 1, 0, 0),
(1574, '2018-05-23', 21, 3, 0, 0),
(1575, '2018-05-23', 22, 1, 0, 0),
(1576, '2018-05-23', 23, 2, 0, 0),
(1577, '2018-05-23', 24, 3, 0, 0),
(1578, '2018-05-23', 25, 1, 0, 0),
(1579, '2018-05-23', 26, 1, 0, 0),
(1580, '2018-05-23', 27, 3, 0, 0),
(1581, '2018-05-23', 28, 1, 0, 0),
(1582, '2018-05-23', 29, 2, 0, 0),
(1583, '2018-05-23', 30, 3, 0, 0),
(1584, '2018-05-23', 31, 3, 0, 0),
(1585, '2018-05-23', 32, 1, 0, 0),
(1586, '2018-05-23', 33, 3, 0, 0),
(1587, '2018-05-23', 34, 2, 0, 0),
(1588, '2018-05-23', 35, 3, 0, 0),
(1589, '2018-05-23', 36, 3, 0, 0),
(1590, '2018-05-23', 37, 2, 0, 0),
(1591, '2018-05-23', 38, 3, 0, 0),
(1592, '2018-05-23', 39, 3, 0, 0),
(1593, '2018-05-23', 40, 3, 0, 0),
(1594, '2018-05-23', 41, 3, 0, 0),
(1595, '2018-05-23', 42, 3, 0, 0),
(1596, '2018-05-23', 43, 0, 0, 0),
(1597, '2018-05-23', 44, 2, 0, 0),
(1598, '2018-05-23', 45, 3, 0, 0),
(1599, '2018-05-23', 46, 2, 0, 0),
(1600, '2018-05-23', 47, 3, 0, 0),
(1601, '2018-05-23', 48, 3, 0, 0),
(1602, '2018-05-23', 49, 3, 0, 0),
(1603, '2018-05-23', 50, 3, 0, 0),
(1604, '2018-05-23', 51, 3, 0, 0),
(1605, '2018-05-23', 52, 3, 0, 0),
(1606, '2018-05-23', 53, 3, 0, 0),
(1607, '2018-05-23', 54, 3, 0, 0),
(1608, '2018-05-23', 55, 1, 0, 0),
(1609, '2018-05-23', 56, 2, 0, 0),
(1610, '2018-05-23', 57, 1, 0, 0),
(1611, '2018-05-23', 58, 3, 0, 0),
(1612, '2018-05-23', 59, 3, 0, 0),
(1613, '2018-05-23', 60, 1, 0, 0),
(1614, '2018-05-23', 61, 1, 0, 0),
(1615, '2018-05-23', 62, 1, 0, 0),
(1616, '2018-05-23', 63, 2, 0, 0),
(1617, '2018-05-23', 64, 1, 0, 0),
(1618, '2018-05-23', 65, 1, 0, 0),
(1619, '2018-05-23', 66, 3, 0, 0),
(1620, '2018-05-23', 67, 1, 0, 0),
(1621, '2018-05-23', 68, 2, 0, 0),
(1622, '2018-05-23', 69, 1, 0, 0),
(1623, '2018-05-23', 70, 1, 0, 0),
(1624, '2018-05-23', 71, 1, 0, 0),
(1625, '2018-05-23', 72, 1, 0, 0),
(1626, '2018-05-23', 73, 2, 0, 0),
(1627, '2018-05-23', 74, 1, 0, 0),
(1628, '2018-05-23', 75, 3, 0, 0),
(1629, '2018-05-23', 76, 1, 0, 0),
(1630, '2018-05-23', 77, 3, 0, 0),
(1631, '2018-05-23', 78, 1, 0, 0),
(1632, '2018-05-23', 79, 3, 0, 0),
(1633, '2018-05-23', 80, 1, 0, 0),
(1634, '2018-05-23', 81, 2, 0, 0),
(1635, '2018-05-23', 82, 3, 0, 0),
(1636, '2018-05-23', 83, 1, 0, 0),
(1637, '2018-05-23', 84, 3, 0, 0),
(1638, '2018-05-23', 85, 3, 0, 0),
(1639, '2018-05-23', 86, 3, 0, 0),
(1726, '2018-04-01', 1, 1, 0, 0),
(1727, '2018-04-01', 2, 2, 3, 73),
(1728, '2018-04-01', 3, 3, 2, 69),
(1729, '2018-04-01', 4, 1, 4, 70),
(1730, '2018-04-01', 5, 3, 6, 74),
(1731, '2018-04-01', 6, 2, 7, 71),
(1732, '2018-04-01', 7, 1, 0, 0),
(1733, '2018-04-01', 8, 1, 0, 0),
(1734, '2018-04-01', 9, 1, 0, 0),
(1735, '2018-04-01', 10, 3, 0, 0),
(1736, '2018-04-01', 11, 1, 0, 0),
(1737, '2018-04-01', 12, 3, 0, 0),
(1738, '2018-04-01', 13, 2, 0, 0),
(1739, '2018-04-01', 14, 1, 0, 0),
(1740, '2018-04-01', 15, 3, 0, 0),
(1741, '2018-04-01', 16, 1, 0, 0),
(1742, '2018-04-01', 17, 1, 0, 0),
(1743, '2018-04-01', 18, 3, 0, 0),
(1744, '2018-04-01', 19, 1, 0, 0),
(1745, '2018-04-01', 20, 1, 0, 0),
(1746, '2018-04-01', 21, 3, 0, 0),
(1747, '2018-04-01', 22, 1, 0, 0),
(1748, '2018-04-01', 23, 2, 0, 0),
(1749, '2018-04-01', 24, 3, 0, 0),
(1750, '2018-04-01', 25, 1, 0, 0),
(1751, '2018-04-01', 26, 1, 0, 0),
(1752, '2018-04-01', 27, 3, 0, 0),
(1753, '2018-04-01', 28, 1, 0, 0),
(1754, '2018-04-01', 29, 2, 0, 0),
(1755, '2018-04-01', 30, 3, 0, 0),
(1756, '2018-04-01', 31, 3, 0, 0),
(1757, '2018-04-01', 32, 1, 0, 0),
(1758, '2018-04-01', 33, 3, 0, 0),
(1759, '2018-04-01', 34, 2, 0, 0),
(1760, '2018-04-01', 35, 3, 0, 0),
(1761, '2018-04-01', 36, 3, 0, 0),
(1762, '2018-04-01', 37, 2, 0, 0),
(1763, '2018-04-01', 38, 3, 0, 0),
(1764, '2018-04-01', 39, 3, 0, 0),
(1765, '2018-04-01', 40, 3, 0, 0),
(1766, '2018-04-01', 41, 3, 0, 0),
(1767, '2018-04-01', 42, 3, 0, 0),
(1768, '2018-04-01', 43, 0, 0, 0),
(1769, '2018-04-01', 44, 2, 0, 0),
(1770, '2018-04-01', 45, 3, 0, 0),
(1771, '2018-04-01', 46, 2, 0, 0),
(1772, '2018-04-01', 47, 3, 0, 0),
(1773, '2018-04-01', 48, 3, 0, 0),
(1774, '2018-04-01', 49, 3, 0, 0),
(1775, '2018-04-01', 50, 3, 0, 0),
(1776, '2018-04-01', 51, 3, 0, 0),
(1777, '2018-04-01', 52, 3, 0, 0),
(1778, '2018-04-01', 53, 3, 0, 0),
(1779, '2018-04-01', 54, 3, 0, 0),
(1780, '2018-04-01', 55, 1, 0, 0),
(1781, '2018-04-01', 56, 2, 0, 0),
(1782, '2018-04-01', 57, 1, 0, 0),
(1783, '2018-04-01', 58, 3, 0, 0),
(1784, '2018-04-01', 59, 3, 0, 0),
(1785, '2018-04-01', 60, 1, 0, 0),
(1786, '2018-04-01', 61, 1, 0, 0),
(1787, '2018-04-01', 62, 1, 0, 0),
(1788, '2018-04-01', 63, 2, 0, 0),
(1789, '2018-04-01', 64, 1, 0, 0),
(1790, '2018-04-01', 65, 1, 0, 0),
(1791, '2018-04-01', 66, 3, 0, 0),
(1792, '2018-04-01', 67, 1, 0, 0),
(1793, '2018-04-01', 68, 2, 0, 0),
(1794, '2018-04-01', 69, 1, 0, 0),
(1795, '2018-04-01', 70, 1, 0, 0),
(1796, '2018-04-01', 71, 1, 0, 0),
(1797, '2018-04-01', 72, 1, 0, 0),
(1798, '2018-04-01', 73, 2, 0, 0),
(1799, '2018-04-01', 74, 1, 0, 0),
(1800, '2018-04-01', 75, 3, 0, 0),
(1801, '2018-04-01', 76, 1, 0, 0),
(1802, '2018-04-01', 77, 3, 0, 0),
(1803, '2018-04-01', 78, 1, 0, 0),
(1804, '2018-04-01', 79, 3, 0, 0),
(1805, '2018-04-01', 80, 1, 0, 0),
(1806, '2018-04-01', 81, 2, 0, 0),
(1807, '2018-04-01', 82, 3, 0, 0),
(1808, '2018-04-01', 83, 1, 0, 0),
(1809, '2018-04-01', 84, 3, 0, 0),
(1810, '2018-04-01', 85, 3, 0, 0),
(1811, '2018-04-01', 86, 3, 0, 0),
(1812, '2018-05-28', 1, 1, 3, 70),
(1813, '2018-05-28', 2, 2, 9, 79),
(1814, '2018-05-28', 3, 3, 0, 0),
(1815, '2018-05-28', 4, 1, 0, 0),
(1816, '2018-05-28', 5, 3, 0, 0),
(1817, '2018-05-28', 6, 2, 0, 0),
(1818, '2018-05-28', 7, 1, 0, 0),
(1819, '2018-05-28', 8, 1, 0, 0),
(1820, '2018-05-28', 9, 1, 0, 0),
(1821, '2018-05-28', 10, 3, 0, 0),
(1822, '2018-05-28', 11, 1, 0, 0),
(1823, '2018-05-28', 12, 3, 0, 0),
(1824, '2018-05-28', 13, 2, 0, 0),
(1825, '2018-05-28', 14, 1, 0, 0),
(1826, '2018-05-28', 15, 3, 0, 0),
(1827, '2018-05-28', 16, 1, 0, 0),
(1828, '2018-05-28', 17, 1, 0, 0),
(1829, '2018-05-28', 18, 3, 0, 0),
(1830, '2018-05-28', 19, 1, 0, 0),
(1831, '2018-05-28', 20, 1, 0, 0),
(1832, '2018-05-28', 21, 3, 0, 0),
(1833, '2018-05-28', 22, 1, 0, 0),
(1834, '2018-05-28', 23, 2, 0, 0),
(1835, '2018-05-28', 24, 3, 0, 0),
(1836, '2018-05-28', 25, 1, 0, 0),
(1837, '2018-05-28', 26, 1, 0, 0),
(1838, '2018-05-28', 27, 3, 0, 0),
(1839, '2018-05-28', 28, 1, 0, 0),
(1840, '2018-05-28', 29, 2, 0, 0),
(1841, '2018-05-28', 30, 3, 0, 0),
(1842, '2018-05-28', 31, 3, 0, 0),
(1843, '2018-05-28', 32, 1, 0, 0),
(1844, '2018-05-28', 33, 3, 0, 0),
(1845, '2018-05-28', 34, 2, 0, 0),
(1846, '2018-05-28', 35, 3, 0, 0),
(1847, '2018-05-28', 36, 3, 0, 0),
(1848, '2018-05-28', 37, 2, 0, 0),
(1849, '2018-05-28', 38, 3, 0, 0),
(1850, '2018-05-28', 39, 3, 0, 0),
(1851, '2018-05-28', 40, 3, 0, 0),
(1852, '2018-05-28', 41, 3, 0, 0),
(1853, '2018-05-28', 42, 3, 0, 0),
(1854, '2018-05-28', 43, 0, 0, 0),
(1855, '2018-05-28', 44, 2, 0, 0),
(1856, '2018-05-28', 45, 3, 0, 0),
(1857, '2018-05-28', 46, 2, 0, 0),
(1858, '2018-05-28', 47, 3, 0, 0),
(1859, '2018-05-28', 48, 3, 0, 0),
(1860, '2018-05-28', 49, 3, 0, 0),
(1861, '2018-05-28', 50, 3, 0, 0),
(1862, '2018-05-28', 51, 3, 0, 0),
(1863, '2018-05-28', 52, 3, 0, 0),
(1864, '2018-05-28', 53, 3, 0, 0),
(1865, '2018-05-28', 54, 3, 0, 0),
(1866, '2018-05-28', 55, 1, 0, 0),
(1867, '2018-05-28', 56, 2, 0, 0),
(1868, '2018-05-28', 57, 1, 0, 0),
(1869, '2018-05-28', 58, 3, 0, 0),
(1870, '2018-05-28', 59, 3, 0, 0),
(1871, '2018-05-28', 60, 1, 0, 0),
(1872, '2018-05-28', 61, 1, 0, 0),
(1873, '2018-05-28', 62, 1, 0, 0),
(1874, '2018-05-28', 63, 2, 0, 0),
(1875, '2018-05-28', 64, 1, 0, 0),
(1876, '2018-05-28', 65, 1, 0, 0),
(1877, '2018-05-28', 66, 3, 0, 0),
(1878, '2018-05-28', 67, 1, 0, 0),
(1879, '2018-05-28', 68, 2, 0, 0),
(1880, '2018-05-28', 69, 1, 0, 0),
(1881, '2018-05-28', 70, 1, 0, 0),
(1882, '2018-05-28', 71, 1, 0, 0),
(1883, '2018-05-28', 72, 1, 0, 0),
(1884, '2018-05-28', 73, 2, 0, 0),
(1885, '2018-05-28', 74, 1, 0, 0),
(1886, '2018-05-28', 75, 3, 0, 0),
(1887, '2018-05-28', 76, 1, 0, 0),
(1888, '2018-05-28', 77, 3, 0, 0),
(1889, '2018-05-28', 78, 1, 0, 0),
(1890, '2018-05-28', 79, 3, 0, 0),
(1891, '2018-05-28', 80, 1, 0, 0),
(1892, '2018-05-28', 81, 2, 0, 0),
(1893, '2018-05-28', 82, 3, 0, 0),
(1894, '2018-05-28', 83, 1, 0, 0),
(1895, '2018-05-28', 84, 3, 0, 0),
(1896, '2018-05-28', 85, 3, 0, 0),
(1897, '2018-05-28', 86, 3, 0, 0),
(1898, '2018-05-29', 1, 1, 0, 0),
(1899, '2018-05-29', 2, 2, 0, 0),
(1900, '2018-05-29', 3, 3, 0, 0),
(1901, '2018-05-29', 4, 1, 0, 0),
(1902, '2018-05-29', 5, 3, 0, 0),
(1903, '2018-05-29', 6, 2, 0, 0),
(1904, '2018-05-29', 7, 1, 0, 0),
(1905, '2018-05-29', 8, 1, 0, 0),
(1906, '2018-05-29', 9, 1, 0, 0),
(1907, '2018-05-29', 10, 3, 0, 0),
(1908, '2018-05-29', 11, 1, 0, 0),
(1909, '2018-05-29', 12, 3, 0, 0),
(1910, '2018-05-29', 13, 2, 0, 0),
(1911, '2018-05-29', 14, 1, 0, 0),
(1912, '2018-05-29', 15, 3, 0, 0),
(1913, '2018-05-29', 16, 1, 0, 0),
(1914, '2018-05-29', 17, 1, 0, 0),
(1915, '2018-05-29', 18, 3, 0, 0),
(1916, '2018-05-29', 19, 1, 0, 0),
(1917, '2018-05-29', 20, 1, 0, 0),
(1918, '2018-05-29', 21, 3, 0, 0),
(1919, '2018-05-29', 22, 1, 0, 0),
(1920, '2018-05-29', 23, 2, 0, 0),
(1921, '2018-05-29', 24, 3, 0, 0),
(1922, '2018-05-29', 25, 1, 0, 0),
(1923, '2018-05-29', 26, 1, 0, 0),
(1924, '2018-05-29', 27, 3, 0, 0),
(1925, '2018-05-29', 28, 1, 0, 0),
(1926, '2018-05-29', 29, 2, 0, 0),
(1927, '2018-05-29', 30, 3, 0, 0),
(1928, '2018-05-29', 31, 3, 0, 0),
(1929, '2018-05-29', 32, 1, 0, 0),
(1930, '2018-05-29', 33, 3, 0, 0),
(1931, '2018-05-29', 34, 2, 0, 0),
(1932, '2018-05-29', 35, 3, 0, 0),
(1933, '2018-05-29', 36, 3, 0, 0),
(1934, '2018-05-29', 37, 2, 0, 0),
(1935, '2018-05-29', 38, 3, 0, 0),
(1936, '2018-05-29', 39, 3, 0, 0),
(1937, '2018-05-29', 40, 3, 0, 0),
(1938, '2018-05-29', 41, 3, 0, 0),
(1939, '2018-05-29', 42, 3, 0, 0),
(1940, '2018-05-29', 43, 0, 0, 0),
(1941, '2018-05-29', 44, 2, 0, 0),
(1942, '2018-05-29', 45, 3, 0, 0),
(1943, '2018-05-29', 46, 2, 0, 0),
(1944, '2018-05-29', 47, 3, 0, 0),
(1945, '2018-05-29', 48, 3, 0, 0),
(1946, '2018-05-29', 49, 3, 0, 0),
(1947, '2018-05-29', 50, 3, 0, 0),
(1948, '2018-05-29', 51, 3, 0, 0),
(1949, '2018-05-29', 52, 3, 0, 0),
(1950, '2018-05-29', 53, 3, 0, 0),
(1951, '2018-05-29', 54, 3, 0, 0),
(1952, '2018-05-29', 55, 1, 0, 0),
(1953, '2018-05-29', 56, 2, 0, 0),
(1954, '2018-05-29', 57, 1, 0, 0),
(1955, '2018-05-29', 58, 3, 0, 0),
(1956, '2018-05-29', 59, 3, 0, 0),
(1957, '2018-05-29', 60, 1, 0, 0),
(1958, '2018-05-29', 61, 1, 0, 0),
(1959, '2018-05-29', 62, 1, 0, 0),
(1960, '2018-05-29', 63, 2, 0, 0),
(1961, '2018-05-29', 64, 1, 0, 0),
(1962, '2018-05-29', 65, 1, 0, 0),
(1963, '2018-05-29', 66, 3, 0, 0),
(1964, '2018-05-29', 67, 1, 0, 0),
(1965, '2018-05-29', 68, 2, 0, 0),
(1966, '2018-05-29', 69, 1, 0, 0),
(1967, '2018-05-29', 70, 1, 0, 0),
(1968, '2018-05-29', 71, 1, 0, 0),
(1969, '2018-05-29', 72, 1, 0, 0),
(1970, '2018-05-29', 73, 2, 0, 0),
(1971, '2018-05-29', 74, 1, 0, 0),
(1972, '2018-05-29', 75, 3, 0, 0),
(1973, '2018-05-29', 76, 1, 0, 0),
(1974, '2018-05-29', 77, 3, 0, 0),
(1975, '2018-05-29', 78, 1, 0, 0),
(1976, '2018-05-29', 79, 3, 0, 0),
(1977, '2018-05-29', 80, 1, 0, 0),
(1978, '2018-05-29', 81, 2, 0, 0),
(1979, '2018-05-29', 82, 3, 0, 0),
(1980, '2018-05-29', 83, 1, 0, 0),
(1981, '2018-05-29', 84, 3, 0, 0),
(1982, '2018-05-29', 85, 3, 0, 0),
(1983, '2018-05-29', 86, 3, 0, 0),
(1984, '2018-06-14', 1, 1, 0, 0),
(1985, '2018-06-14', 2, 2, 0, 0),
(1986, '2018-06-14', 3, 3, 0, 0),
(1987, '2018-06-14', 4, 1, 0, 0),
(1988, '2018-06-14', 5, 3, 0, 0),
(1989, '2018-06-14', 6, 2, 0, 0),
(1990, '2018-06-14', 7, 1, 0, 0),
(1991, '2018-06-14', 8, 1, 0, 0),
(1992, '2018-06-14', 9, 1, 0, 0),
(1993, '2018-06-14', 10, 3, 0, 0),
(1994, '2018-06-14', 11, 1, 0, 0),
(1995, '2018-06-14', 12, 3, 0, 0),
(1996, '2018-06-14', 13, 2, 0, 0),
(1997, '2018-06-14', 14, 1, 0, 0),
(1998, '2018-06-14', 15, 3, 0, 0),
(1999, '2018-06-14', 16, 1, 0, 0),
(2000, '2018-06-14', 17, 1, 0, 0),
(2001, '2018-06-14', 18, 3, 0, 0),
(2002, '2018-06-14', 19, 1, 0, 0),
(2003, '2018-06-14', 20, 1, 0, 0),
(2004, '2018-06-14', 21, 3, 0, 0),
(2005, '2018-06-14', 22, 1, 0, 0),
(2006, '2018-06-14', 23, 2, 0, 0),
(2007, '2018-06-14', 24, 3, 0, 0),
(2008, '2018-06-14', 25, 1, 0, 0),
(2009, '2018-06-14', 26, 1, 0, 0),
(2010, '2018-06-14', 27, 3, 0, 0),
(2011, '2018-06-14', 28, 1, 0, 0),
(2012, '2018-06-14', 29, 2, 0, 0),
(2013, '2018-06-14', 30, 3, 0, 0),
(2014, '2018-06-14', 31, 3, 0, 0),
(2015, '2018-06-14', 32, 1, 0, 0),
(2016, '2018-06-14', 33, 3, 0, 0),
(2017, '2018-06-14', 34, 2, 0, 0),
(2018, '2018-06-14', 35, 3, 0, 0),
(2019, '2018-06-14', 36, 3, 0, 0),
(2020, '2018-06-14', 37, 2, 0, 0),
(2021, '2018-06-14', 38, 3, 0, 0),
(2022, '2018-06-14', 39, 3, 0, 0),
(2023, '2018-06-14', 40, 3, 0, 0),
(2024, '2018-06-14', 41, 3, 0, 0),
(2025, '2018-06-14', 42, 3, 0, 0),
(2026, '2018-06-14', 43, 0, 0, 0),
(2027, '2018-06-14', 44, 2, 0, 0),
(2028, '2018-06-14', 45, 3, 0, 0),
(2029, '2018-06-14', 46, 2, 0, 0),
(2030, '2018-06-14', 47, 3, 0, 0),
(2031, '2018-06-14', 48, 3, 0, 0),
(2032, '2018-06-14', 49, 3, 0, 0),
(2033, '2018-06-14', 50, 3, 0, 0),
(2034, '2018-06-14', 51, 3, 0, 0),
(2035, '2018-06-14', 52, 3, 0, 0),
(2036, '2018-06-14', 53, 3, 0, 0),
(2037, '2018-06-14', 54, 3, 0, 0),
(2038, '2018-06-14', 55, 1, 0, 0),
(2039, '2018-06-14', 56, 2, 0, 0),
(2040, '2018-06-14', 57, 1, 0, 0),
(2041, '2018-06-14', 58, 3, 0, 0),
(2042, '2018-06-14', 59, 3, 0, 0),
(2043, '2018-06-14', 60, 1, 0, 0),
(2044, '2018-06-14', 61, 1, 0, 0),
(2045, '2018-06-14', 62, 1, 0, 0),
(2046, '2018-06-14', 63, 2, 0, 0),
(2047, '2018-06-14', 64, 1, 0, 0),
(2048, '2018-06-14', 65, 1, 0, 0),
(2049, '2018-06-14', 66, 3, 0, 0),
(2050, '2018-06-14', 67, 1, 0, 0),
(2051, '2018-06-14', 68, 2, 0, 0),
(2052, '2018-06-14', 69, 1, 0, 0),
(2053, '2018-06-14', 70, 1, 0, 0),
(2054, '2018-06-14', 71, 1, 0, 0),
(2055, '2018-06-14', 72, 1, 0, 0),
(2056, '2018-06-14', 73, 2, 0, 0),
(2057, '2018-06-14', 74, 1, 0, 0),
(2058, '2018-06-14', 75, 3, 0, 0),
(2059, '2018-06-14', 76, 1, 0, 0),
(2060, '2018-06-14', 77, 3, 0, 0),
(2061, '2018-06-14', 78, 1, 0, 0),
(2062, '2018-06-14', 79, 3, 0, 0),
(2063, '2018-06-14', 80, 1, 0, 0),
(2064, '2018-06-14', 81, 2, 0, 0),
(2065, '2018-06-14', 82, 3, 0, 0),
(2066, '2018-06-14', 83, 1, 0, 0),
(2067, '2018-06-14', 84, 3, 0, 0),
(2068, '2018-06-14', 85, 3, 0, 0),
(2069, '2018-06-14', 86, 3, 0, 0),
(2070, '2018-06-01', 1, 1, 0, 0),
(2071, '2018-06-01', 2, 2, 0, 0),
(2072, '2018-06-01', 3, 3, 0, 0),
(2073, '2018-06-01', 4, 1, 0, 0),
(2074, '2018-06-01', 5, 3, 0, 0),
(2075, '2018-06-01', 6, 2, 0, 0),
(2076, '2018-06-01', 7, 1, 0, 0),
(2077, '2018-06-01', 8, 1, 0, 0),
(2078, '2018-06-01', 9, 1, 0, 0),
(2079, '2018-06-01', 10, 3, 0, 0),
(2080, '2018-06-01', 11, 1, 0, 0),
(2081, '2018-06-01', 12, 3, 0, 0),
(2082, '2018-06-01', 13, 2, 0, 0),
(2083, '2018-06-01', 14, 1, 0, 0),
(2084, '2018-06-01', 15, 3, 0, 0),
(2085, '2018-06-01', 16, 1, 0, 0),
(2086, '2018-06-01', 17, 1, 0, 0),
(2087, '2018-06-01', 18, 3, 0, 0),
(2088, '2018-06-01', 19, 1, 0, 0),
(2089, '2018-06-01', 20, 1, 0, 0),
(2090, '2018-06-01', 21, 3, 0, 0),
(2091, '2018-06-01', 22, 1, 0, 0),
(2092, '2018-06-01', 23, 2, 0, 0),
(2093, '2018-06-01', 24, 3, 0, 0),
(2094, '2018-06-01', 25, 1, 0, 0),
(2095, '2018-06-01', 26, 1, 0, 0),
(2096, '2018-06-01', 27, 3, 0, 0),
(2097, '2018-06-01', 28, 1, 0, 0),
(2098, '2018-06-01', 29, 2, 0, 0),
(2099, '2018-06-01', 30, 3, 0, 0),
(2100, '2018-06-01', 31, 3, 0, 0),
(2101, '2018-06-01', 32, 1, 0, 0),
(2102, '2018-06-01', 33, 3, 0, 0),
(2103, '2018-06-01', 34, 2, 0, 0),
(2104, '2018-06-01', 35, 3, 0, 0),
(2105, '2018-06-01', 36, 3, 0, 0),
(2106, '2018-06-01', 37, 2, 0, 0),
(2107, '2018-06-01', 38, 3, 0, 0),
(2108, '2018-06-01', 39, 3, 0, 0),
(2109, '2018-06-01', 40, 3, 0, 0),
(2110, '2018-06-01', 41, 3, 0, 0),
(2111, '2018-06-01', 42, 3, 0, 0),
(2112, '2018-06-01', 43, 0, 0, 0),
(2113, '2018-06-01', 44, 2, 0, 0),
(2114, '2018-06-01', 45, 3, 0, 0),
(2115, '2018-06-01', 46, 2, 0, 0),
(2116, '2018-06-01', 47, 3, 0, 0),
(2117, '2018-06-01', 48, 3, 0, 0),
(2118, '2018-06-01', 49, 3, 0, 0),
(2119, '2018-06-01', 50, 3, 0, 0),
(2120, '2018-06-01', 51, 3, 0, 0),
(2121, '2018-06-01', 52, 3, 0, 0),
(2122, '2018-06-01', 53, 3, 0, 0),
(2123, '2018-06-01', 54, 3, 0, 0),
(2124, '2018-06-01', 55, 1, 0, 0),
(2125, '2018-06-01', 56, 2, 0, 0),
(2126, '2018-06-01', 57, 1, 0, 0),
(2127, '2018-06-01', 58, 3, 0, 0),
(2128, '2018-06-01', 59, 3, 0, 0),
(2129, '2018-06-01', 60, 1, 0, 0),
(2130, '2018-06-01', 61, 1, 0, 0),
(2131, '2018-06-01', 62, 1, 0, 0),
(2132, '2018-06-01', 63, 2, 0, 0),
(2133, '2018-06-01', 64, 1, 0, 0),
(2134, '2018-06-01', 65, 1, 0, 0),
(2135, '2018-06-01', 66, 3, 0, 0),
(2136, '2018-06-01', 67, 1, 0, 0),
(2137, '2018-06-01', 68, 2, 0, 0),
(2138, '2018-06-01', 69, 1, 0, 0),
(2139, '2018-06-01', 70, 1, 0, 0),
(2140, '2018-06-01', 71, 1, 0, 0),
(2141, '2018-06-01', 72, 1, 0, 0),
(2142, '2018-06-01', 73, 2, 0, 0),
(2143, '2018-06-01', 74, 1, 0, 0),
(2144, '2018-06-01', 75, 3, 0, 0),
(2145, '2018-06-01', 76, 1, 0, 0),
(2146, '2018-06-01', 77, 3, 0, 0),
(2147, '2018-06-01', 78, 1, 0, 0),
(2148, '2018-06-01', 79, 3, 0, 0),
(2149, '2018-06-01', 80, 1, 0, 0),
(2150, '2018-06-01', 81, 2, 0, 0),
(2151, '2018-06-01', 82, 3, 0, 0),
(2152, '2018-06-01', 83, 1, 0, 0),
(2153, '2018-06-01', 84, 3, 0, 0),
(2154, '2018-06-01', 85, 3, 0, 0),
(2155, '2018-06-01', 86, 3, 0, 0),
(2156, '2018-06-01', 1, 1, 0, 0),
(2157, '2018-06-01', 2, 2, 0, 0),
(2158, '2018-06-01', 3, 3, 0, 0),
(2159, '2018-06-01', 4, 1, 0, 0),
(2160, '2018-06-01', 5, 3, 0, 0),
(2161, '2018-06-01', 6, 2, 0, 0),
(2162, '2018-06-01', 7, 1, 0, 0),
(2163, '2018-06-01', 8, 1, 0, 0),
(2164, '2018-06-01', 9, 1, 0, 0),
(2165, '2018-06-01', 10, 3, 0, 0),
(2166, '2018-06-01', 11, 1, 0, 0),
(2167, '2018-06-01', 12, 3, 0, 0),
(2168, '2018-06-01', 13, 2, 0, 0),
(2169, '2018-06-01', 14, 1, 0, 0),
(2170, '2018-06-01', 15, 3, 0, 0),
(2171, '2018-06-01', 16, 1, 0, 0),
(2172, '2018-06-01', 17, 1, 0, 0),
(2173, '2018-06-01', 18, 3, 0, 0),
(2174, '2018-06-01', 19, 1, 0, 0),
(2175, '2018-06-01', 20, 1, 0, 0),
(2176, '2018-06-01', 21, 3, 0, 0),
(2177, '2018-06-01', 22, 1, 0, 0),
(2178, '2018-06-01', 23, 2, 0, 0),
(2179, '2018-06-01', 24, 3, 0, 0),
(2180, '2018-06-01', 25, 1, 0, 0),
(2181, '2018-06-01', 26, 1, 0, 0),
(2182, '2018-06-01', 27, 3, 0, 0),
(2183, '2018-06-01', 28, 1, 0, 0),
(2184, '2018-06-01', 29, 2, 0, 0),
(2185, '2018-06-01', 30, 3, 0, 0),
(2186, '2018-06-01', 31, 3, 0, 0),
(2187, '2018-06-01', 32, 1, 0, 0),
(2188, '2018-06-01', 33, 3, 0, 0),
(2189, '2018-06-01', 34, 2, 0, 0),
(2190, '2018-06-01', 35, 3, 0, 0),
(2191, '2018-06-01', 36, 3, 0, 0),
(2192, '2018-06-01', 37, 2, 0, 0),
(2193, '2018-06-01', 38, 3, 0, 0),
(2194, '2018-06-01', 39, 3, 0, 0),
(2195, '2018-06-01', 40, 3, 0, 0),
(2196, '2018-06-01', 41, 3, 0, 0),
(2197, '2018-06-01', 42, 3, 0, 0),
(2198, '2018-06-01', 43, 0, 0, 0),
(2199, '2018-06-01', 44, 2, 0, 0),
(2200, '2018-06-01', 45, 3, 0, 0),
(2201, '2018-06-01', 46, 2, 0, 0),
(2202, '2018-06-01', 47, 3, 0, 0),
(2203, '2018-06-01', 48, 3, 0, 0),
(2204, '2018-06-01', 49, 3, 0, 0),
(2205, '2018-06-01', 50, 3, 0, 0),
(2206, '2018-06-01', 51, 3, 0, 0),
(2207, '2018-06-01', 52, 3, 0, 0),
(2208, '2018-06-01', 53, 3, 0, 0),
(2209, '2018-06-01', 54, 3, 0, 0),
(2210, '2018-06-01', 55, 1, 0, 0),
(2211, '2018-06-01', 56, 2, 0, 0),
(2212, '2018-06-01', 57, 1, 0, 0),
(2213, '2018-06-01', 58, 3, 0, 0),
(2214, '2018-06-01', 59, 3, 0, 0),
(2215, '2018-06-01', 60, 1, 0, 0),
(2216, '2018-06-01', 61, 1, 0, 0),
(2217, '2018-06-01', 62, 1, 0, 0),
(2218, '2018-06-01', 63, 2, 0, 0),
(2219, '2018-06-01', 64, 1, 0, 0),
(2220, '2018-06-01', 65, 1, 0, 0),
(2221, '2018-06-01', 66, 3, 0, 0),
(2222, '2018-06-01', 67, 1, 0, 0),
(2223, '2018-06-01', 68, 2, 0, 0),
(2224, '2018-06-01', 69, 1, 0, 0),
(2225, '2018-06-01', 70, 1, 0, 0),
(2226, '2018-06-01', 71, 1, 0, 0),
(2227, '2018-06-01', 72, 1, 0, 0),
(2228, '2018-06-01', 73, 2, 0, 0),
(2229, '2018-06-01', 74, 1, 0, 0),
(2230, '2018-06-01', 75, 3, 0, 0),
(2231, '2018-06-01', 76, 1, 0, 0),
(2232, '2018-06-01', 77, 3, 0, 0),
(2233, '2018-06-01', 78, 1, 0, 0),
(2234, '2018-06-01', 79, 3, 0, 0),
(2235, '2018-06-01', 80, 1, 0, 0),
(2236, '2018-06-01', 81, 2, 0, 0),
(2237, '2018-06-01', 82, 3, 0, 0),
(2238, '2018-06-01', 83, 1, 0, 0),
(2239, '2018-06-01', 84, 3, 0, 0),
(2240, '2018-06-01', 85, 3, 0, 0),
(2241, '2018-06-01', 86, 3, 0, 0),
(2242, '2018-06-06', 1, 1, 0, 0),
(2243, '2018-06-06', 2, 2, 0, 0),
(2244, '2018-06-06', 3, 3, 0, 0),
(2245, '2018-06-06', 4, 1, 0, 0),
(2246, '2018-06-06', 5, 3, 0, 0),
(2247, '2018-06-06', 6, 2, 0, 0),
(2248, '2018-06-06', 7, 1, 0, 0),
(2249, '2018-06-06', 8, 1, 0, 0),
(2250, '2018-06-06', 9, 1, 0, 0),
(2251, '2018-06-06', 10, 3, 0, 0),
(2252, '2018-06-06', 11, 1, 0, 0),
(2253, '2018-06-06', 12, 3, 0, 0),
(2254, '2018-06-06', 13, 2, 0, 0),
(2255, '2018-06-06', 14, 1, 0, 0),
(2256, '2018-06-06', 15, 3, 0, 0),
(2257, '2018-06-06', 16, 1, 0, 0),
(2258, '2018-06-06', 17, 1, 0, 0),
(2259, '2018-06-06', 18, 3, 0, 0),
(2260, '2018-06-06', 19, 1, 0, 0),
(2261, '2018-06-06', 20, 1, 0, 0),
(2262, '2018-06-06', 21, 3, 0, 0),
(2263, '2018-06-06', 22, 1, 0, 0),
(2264, '2018-06-06', 23, 2, 0, 0),
(2265, '2018-06-06', 24, 3, 0, 0),
(2266, '2018-06-06', 25, 1, 0, 0),
(2267, '2018-06-06', 26, 1, 0, 0),
(2268, '2018-06-06', 27, 3, 0, 0),
(2269, '2018-06-06', 28, 1, 0, 0),
(2270, '2018-06-06', 29, 2, 0, 0),
(2271, '2018-06-06', 30, 3, 0, 0),
(2272, '2018-06-06', 31, 3, 0, 0),
(2273, '2018-06-06', 32, 1, 0, 0),
(2274, '2018-06-06', 33, 3, 0, 0),
(2275, '2018-06-06', 34, 2, 0, 0),
(2276, '2018-06-06', 35, 3, 0, 0),
(2277, '2018-06-06', 36, 3, 0, 0),
(2278, '2018-06-06', 37, 2, 0, 0),
(2279, '2018-06-06', 38, 3, 0, 0),
(2280, '2018-06-06', 39, 3, 0, 0),
(2281, '2018-06-06', 40, 3, 0, 0),
(2282, '2018-06-06', 41, 3, 0, 0),
(2283, '2018-06-06', 42, 3, 0, 0),
(2284, '2018-06-06', 43, 0, 0, 0),
(2285, '2018-06-06', 44, 2, 0, 0),
(2286, '2018-06-06', 45, 3, 0, 0),
(2287, '2018-06-06', 46, 2, 0, 0),
(2288, '2018-06-06', 47, 3, 0, 0),
(2289, '2018-06-06', 48, 3, 0, 0),
(2290, '2018-06-06', 49, 3, 0, 0),
(2291, '2018-06-06', 50, 3, 0, 0),
(2292, '2018-06-06', 51, 3, 0, 0),
(2293, '2018-06-06', 52, 3, 0, 0),
(2294, '2018-06-06', 53, 3, 0, 0),
(2295, '2018-06-06', 54, 3, 0, 0),
(2296, '2018-06-06', 55, 1, 0, 0),
(2297, '2018-06-06', 56, 2, 0, 0),
(2298, '2018-06-06', 57, 1, 0, 0),
(2299, '2018-06-06', 58, 3, 0, 0),
(2300, '2018-06-06', 59, 3, 0, 0),
(2301, '2018-06-06', 60, 1, 0, 0),
(2302, '2018-06-06', 61, 1, 0, 0),
(2303, '2018-06-06', 62, 1, 0, 0),
(2304, '2018-06-06', 63, 2, 0, 0),
(2305, '2018-06-06', 64, 1, 0, 0),
(2306, '2018-06-06', 65, 1, 0, 0),
(2307, '2018-06-06', 66, 3, 0, 0),
(2308, '2018-06-06', 67, 1, 0, 0),
(2309, '2018-06-06', 68, 2, 0, 0),
(2310, '2018-06-06', 69, 1, 0, 0),
(2311, '2018-06-06', 70, 1, 0, 0),
(2312, '2018-06-06', 71, 1, 0, 0),
(2313, '2018-06-06', 72, 1, 0, 0),
(2314, '2018-06-06', 73, 2, 0, 0),
(2315, '2018-06-06', 74, 1, 0, 0),
(2316, '2018-06-06', 75, 3, 0, 0),
(2317, '2018-06-06', 76, 1, 0, 0),
(2318, '2018-06-06', 77, 3, 0, 0),
(2319, '2018-06-06', 78, 1, 0, 0),
(2320, '2018-06-06', 79, 3, 0, 0),
(2321, '2018-06-06', 80, 1, 0, 0),
(2322, '2018-06-06', 81, 2, 0, 0),
(2323, '2018-06-06', 82, 3, 0, 0),
(2324, '2018-06-06', 83, 1, 0, 0),
(2325, '2018-06-06', 84, 3, 0, 0),
(2326, '2018-06-06', 85, 3, 0, 0),
(2327, '2018-06-06', 86, 3, 0, 0),
(2328, '2018-06-09', 1, 1, 0, 0),
(2329, '2018-06-09', 2, 2, 0, 0),
(2330, '2018-06-09', 3, 3, 0, 0),
(2331, '2018-06-09', 4, 1, 0, 0),
(2332, '2018-06-09', 5, 3, 0, 0),
(2333, '2018-06-09', 6, 2, 0, 0),
(2334, '2018-06-09', 7, 1, 0, 0),
(2335, '2018-06-09', 8, 1, 0, 0),
(2336, '2018-06-09', 9, 1, 0, 0),
(2337, '2018-06-09', 10, 3, 0, 0),
(2338, '2018-06-09', 11, 1, 0, 0),
(2339, '2018-06-09', 12, 3, 0, 0),
(2340, '2018-06-09', 13, 2, 0, 0),
(2341, '2018-06-09', 14, 1, 0, 0),
(2342, '2018-06-09', 15, 3, 0, 0),
(2343, '2018-06-09', 16, 1, 0, 0),
(2344, '2018-06-09', 17, 1, 0, 0),
(2345, '2018-06-09', 18, 3, 0, 0),
(2346, '2018-06-09', 19, 1, 0, 0),
(2347, '2018-06-09', 20, 1, 0, 0),
(2348, '2018-06-09', 21, 3, 0, 0),
(2349, '2018-06-09', 22, 1, 0, 0),
(2350, '2018-06-09', 23, 2, 0, 0),
(2351, '2018-06-09', 24, 3, 0, 0),
(2352, '2018-06-09', 25, 1, 0, 0),
(2353, '2018-06-09', 26, 1, 0, 0),
(2354, '2018-06-09', 27, 3, 0, 0),
(2355, '2018-06-09', 28, 1, 0, 0),
(2356, '2018-06-09', 29, 2, 0, 0),
(2357, '2018-06-09', 30, 3, 0, 0),
(2358, '2018-06-09', 31, 3, 0, 0),
(2359, '2018-06-09', 32, 1, 0, 0),
(2360, '2018-06-09', 33, 3, 0, 0),
(2361, '2018-06-09', 34, 2, 0, 0),
(2362, '2018-06-09', 35, 3, 0, 0),
(2363, '2018-06-09', 36, 3, 0, 0),
(2364, '2018-06-09', 37, 2, 0, 0),
(2365, '2018-06-09', 38, 3, 0, 0),
(2366, '2018-06-09', 39, 3, 0, 0),
(2367, '2018-06-09', 40, 3, 0, 0),
(2368, '2018-06-09', 41, 3, 0, 0),
(2369, '2018-06-09', 42, 3, 0, 0),
(2370, '2018-06-09', 43, 0, 0, 0),
(2371, '2018-06-09', 44, 2, 0, 0),
(2372, '2018-06-09', 45, 3, 0, 0),
(2373, '2018-06-09', 46, 2, 0, 0),
(2374, '2018-06-09', 47, 3, 0, 0),
(2375, '2018-06-09', 48, 3, 0, 0),
(2376, '2018-06-09', 49, 3, 0, 0),
(2377, '2018-06-09', 50, 3, 0, 0),
(2378, '2018-06-09', 51, 3, 0, 0),
(2379, '2018-06-09', 52, 3, 0, 0),
(2380, '2018-06-09', 53, 3, 0, 0),
(2381, '2018-06-09', 54, 3, 0, 0),
(2382, '2018-06-09', 55, 1, 0, 0),
(2383, '2018-06-09', 56, 2, 0, 0),
(2384, '2018-06-09', 57, 1, 0, 0),
(2385, '2018-06-09', 58, 3, 0, 0),
(2386, '2018-06-09', 59, 3, 0, 0),
(2387, '2018-06-09', 60, 1, 0, 0),
(2388, '2018-06-09', 61, 1, 0, 0),
(2389, '2018-06-09', 62, 1, 0, 0),
(2390, '2018-06-09', 63, 2, 0, 0),
(2391, '2018-06-09', 64, 1, 0, 0),
(2392, '2018-06-09', 65, 1, 0, 0),
(2393, '2018-06-09', 66, 3, 0, 0),
(2394, '2018-06-09', 67, 1, 0, 0),
(2395, '2018-06-09', 68, 2, 0, 0),
(2396, '2018-06-09', 69, 1, 0, 0),
(2397, '2018-06-09', 70, 1, 0, 0),
(2398, '2018-06-09', 71, 1, 0, 0),
(2399, '2018-06-09', 72, 1, 0, 0),
(2400, '2018-06-09', 73, 2, 0, 0),
(2401, '2018-06-09', 74, 1, 0, 0),
(2402, '2018-06-09', 75, 3, 0, 0),
(2403, '2018-06-09', 76, 1, 0, 0),
(2404, '2018-06-09', 77, 3, 0, 0),
(2405, '2018-06-09', 78, 1, 0, 0),
(2406, '2018-06-09', 79, 3, 0, 0),
(2407, '2018-06-09', 80, 1, 0, 0),
(2408, '2018-06-09', 81, 2, 0, 0),
(2409, '2018-06-09', 82, 3, 0, 0),
(2410, '2018-06-09', 83, 1, 0, 0),
(2411, '2018-06-09', 84, 3, 0, 0),
(2412, '2018-06-09', 85, 3, 0, 0),
(2413, '2018-06-09', 86, 3, 0, 0);

-- --------------------------------------------------------

--
-- Struktur dari tabel `jurusan`
--

CREATE TABLE `jurusan` (
  `id_jurusan` int(10) NOT NULL,
  `jurusan` varchar(20) NOT NULL
) ENGINE=InnoDB DEFAULT CHARSET=latin1;

--
-- Dumping data untuk tabel `jurusan`
--

INSERT INTO `jurusan` (`id_jurusan`, `jurusan`) VALUES
(1, 'Magelang'),
(2, 'Semarang'),
(3, 'Jogja'),
(4, 'Cilacap'),
(5, 'Purwokerto');

-- --------------------------------------------------------

--
-- Struktur dari tabel `karcis`
--

CREATE TABLE `karcis` (
  `id_karcis` int(10) NOT NULL,
  `id_jadwal` int(11) NOT NULL,
  `id_stok` int(11) DEFAULT NULL,
  `pergi_awal` int(11) DEFAULT NULL,
  `pergi_akhir` int(11) DEFAULT NULL,
  `pulang_awal` int(11) DEFAULT NULL,
  `pulang_akhir` int(11) DEFAULT NULL
) ENGINE=InnoDB DEFAULT CHARSET=latin1;

--
-- Dumping data untuk tabel `karcis`
--

INSERT INTO `karcis` (`id_karcis`, `id_jadwal`, `id_stok`, `pergi_awal`, `pergi_akhir`, `pulang_awal`, `pulang_akhir`) VALUES
(1, 1, 12, 5, 10, 11, 20),
(2, 2, 6, 2, 5, 11, 40),
(3, 3, 4, 5, 5, 5, 5),
(4, 4, 4, 5, 7, 8, 9),
(5, 5, 3, 10, 11, 12, 13),
(6, 6, 19, 0, 0, 0, 0),
(7, 7, 12, 0, 0, 0, 0),
(8, 8, 3, 0, 0, 0, 0),
(9, 9, 17, 0, 0, 0, 0),
(10, 10, 66, 0, 0, 0, 0),
(11, 11, 0, 0, 0, 0, 0),
(12, 12, 0, 0, 0, 0, 0),
(13, 13, 0, 0, 0, 0, 0),
(14, 14, 0, 0, 0, 0, 0),
(15, 15, 0, 0, 0, 0, 0),
(16, 16, 0, 0, 0, 0, 0),
(17, 17, 0, 0, 0, 0, 0),
(18, 18, 0, 0, 0, 0, 0),
(19, 19, 0, 0, 0, 0, 0),
(20, 20, 0, 0, 0, 0, 0),
(21, 21, 0, 0, 0, 0, 0),
(22, 22, 0, 0, 0, 0, 0),
(23, 23, 0, 0, 0, 0, 0),
(24, 24, 0, 0, 0, 0, 0),
(25, 25, 0, 0, 0, 0, 0),
(26, 26, 0, 0, 0, 0, 0),
(27, 27, 0, 0, 0, 0, 0),
(28, 28, 0, 0, 0, 0, 0),
(29, 29, 0, 0, 0, 0, 0),
(30, 30, 0, 0, 0, 0, 0),
(31, 31, 0, 0, 0, 0, 0),
(32, 32, 0, 0, 0, 0, 0),
(33, 33, 0, 0, 0, 0, 0),
(34, 34, 0, 0, 0, 0, 0),
(35, 35, 0, 0, 0, 0, 0),
(36, 36, 0, 0, 0, 0, 0),
(37, 37, 0, 0, 0, 0, 0),
(38, 38, 0, 0, 0, 0, 0),
(39, 39, 0, 0, 0, 0, 0),
(40, 40, 0, 0, 0, 0, 0),
(41, 41, 0, 0, 0, 0, 0),
(42, 42, 0, 0, 0, 0, 0),
(43, 43, 0, 0, 0, 0, 0),
(44, 44, 0, 0, 0, 0, 0),
(45, 45, 0, 0, 0, 0, 0),
(46, 46, 0, 0, 0, 0, 0),
(47, 47, 0, 0, 0, 0, 0),
(48, 48, 0, 0, 0, 0, 0),
(49, 49, 0, 0, 0, 0, 0),
(50, 50, 0, 0, 0, 0, 0),
(51, 51, 0, 0, 0, 0, 0),
(52, 52, 0, 0, 0, 0, 0),
(53, 53, 0, 0, 0, 0, 0),
(54, 54, 0, 0, 0, 0, 0),
(55, 55, 0, 0, 0, 0, 0),
(56, 56, 0, 0, 0, 0, 0),
(57, 57, 0, 0, 0, 0, 0),
(58, 58, 0, 0, 0, 0, 0),
(59, 59, 0, 0, 0, 0, 0),
(60, 60, 0, 0, 0, 0, 0),
(61, 61, 0, 0, 0, 0, 0),
(62, 62, 0, 0, 0, 0, 0),
(63, 63, 0, 0, 0, 0, 0),
(64, 64, 0, 0, 0, 0, 0),
(65, 65, 0, 0, 0, 0, 0),
(66, 66, 0, 0, 0, 0, 0),
(67, 67, 0, 0, 0, 0, 0),
(68, 68, 0, 0, 0, 0, 0),
(69, 69, 0, 0, 0, 0, 0),
(70, 70, 0, 0, 0, 0, 0),
(71, 71, 0, 0, 0, 0, 0),
(72, 72, 18, 0, 0, 0, 0),
(73, 73, 0, 0, 0, 0, 0),
(74, 74, 0, 0, 0, 0, 0),
(75, 75, 0, 0, 0, 0, 0),
(76, 76, 0, 0, 0, 0, 0),
(77, 77, 0, 0, 0, 0, 0),
(78, 78, 0, 0, 0, 0, 0),
(79, 79, 0, 0, 0, 0, 0),
(80, 80, 0, 0, 0, 0, 0),
(81, 81, 0, 0, 0, 0, 0),
(82, 82, 0, 0, 0, 0, 0),
(83, 83, 0, 0, 0, 0, 0),
(84, 84, 0, 0, 0, 0, 0),
(85, 85, 0, 0, 0, 0, 0),
(86, 86, 0, 0, 0, 0, 0),
(87, 1898, 0, 0, 0, 0, 0),
(88, 1899, 0, 0, 0, 0, 0),
(89, 1900, 0, 0, 0, 0, 0),
(90, 1901, 0, 0, 0, 0, 0),
(91, 1902, 0, 0, 0, 0, 0),
(92, 1903, 0, 0, 0, 0, 0),
(93, 1904, 0, 0, 0, 0, 0),
(94, 1905, 0, 0, 0, 0, 0),
(95, 1906, 0, 0, 0, 0, 0),
(96, 1907, 0, 0, 0, 0, 0),
(97, 1908, 0, 0, 0, 0, 0),
(98, 1909, 0, 0, 0, 0, 0),
(99, 1910, 0, 0, 0, 0, 0),
(100, 1911, 0, 0, 0, 0, 0),
(101, 1912, 0, 0, 0, 0, 0),
(102, 1913, 0, 0, 0, 0, 0),
(103, 1914, 0, 0, 0, 0, 0),
(104, 1915, 0, 0, 0, 0, 0),
(105, 1916, 0, 0, 0, 0, 0),
(106, 1917, 0, 0, 0, 0, 0),
(107, 1918, 0, 0, 0, 0, 0),
(108, 1919, 0, 0, 0, 0, 0),
(109, 1920, 0, 0, 0, 0, 0),
(110, 1921, 0, 0, 0, 0, 0),
(111, 1922, 0, 0, 0, 0, 0),
(112, 1923, 0, 0, 0, 0, 0),
(113, 1924, 0, 0, 0, 0, 0),
(114, 1925, 0, 0, 0, 0, 0),
(115, 1926, 0, 0, 0, 0, 0),
(116, 1927, 0, 0, 0, 0, 0),
(117, 1928, 0, 0, 0, 0, 0),
(118, 1929, 0, 0, 0, 0, 0),
(119, 1930, 0, 0, 0, 0, 0),
(120, 1931, 0, 0, 0, 0, 0),
(121, 1932, 0, 0, 0, 0, 0),
(122, 1933, 0, 0, 0, 0, 0),
(123, 1934, 0, 0, 0, 0, 0),
(124, 1935, 0, 0, 0, 0, 0),
(125, 1936, 0, 0, 0, 0, 0),
(126, 1937, 0, 0, 0, 0, 0),
(127, 1938, 0, 0, 0, 0, 0),
(128, 1939, 0, 0, 0, 0, 0),
(129, 1940, 0, 0, 0, 0, 0),
(130, 1941, 0, 0, 0, 0, 0),
(131, 1942, 0, 0, 0, 0, 0),
(132, 1943, 0, 0, 0, 0, 0),
(133, 1944, 0, 0, 0, 0, 0),
(134, 1945, 0, 0, 0, 0, 0),
(135, 1946, 0, 0, 0, 0, 0),
(136, 1947, 0, 0, 0, 0, 0),
(137, 1948, 0, 0, 0, 0, 0),
(138, 1949, 0, 0, 0, 0, 0),
(139, 1950, 0, 0, 0, 0, 0),
(140, 1951, 0, 0, 0, 0, 0),
(141, 1952, 0, 0, 0, 0, 0),
(142, 1953, 0, 0, 0, 0, 0),
(143, 1954, 0, 0, 0, 0, 0),
(144, 1955, 0, 0, 0, 0, 0),
(145, 1956, 0, 0, 0, 0, 0),
(146, 1957, 0, 0, 0, 0, 0),
(147, 1958, 0, 0, 0, 0, 0),
(148, 1959, 0, 0, 0, 0, 0),
(149, 1960, 0, 0, 0, 0, 0),
(150, 1961, 0, 0, 0, 0, 0),
(151, 1962, 0, 0, 0, 0, 0),
(152, 1963, 0, 0, 0, 0, 0),
(153, 1964, 0, 0, 0, 0, 0),
(154, 1965, 0, 0, 0, 0, 0),
(155, 1966, 0, 0, 0, 0, 0),
(156, 1967, 0, 0, 0, 0, 0),
(157, 1968, 0, 0, 0, 0, 0),
(158, 1969, 0, 0, 0, 0, 0),
(159, 1970, 0, 0, 0, 0, 0),
(160, 1971, 0, 0, 0, 0, 0),
(161, 1972, 0, 0, 0, 0, 0),
(162, 1973, 0, 0, 0, 0, 0),
(163, 1974, 0, 0, 0, 0, 0),
(164, 1975, 0, 0, 0, 0, 0),
(165, 1976, 0, 0, 0, 0, 0),
(166, 1977, 0, 0, 0, 0, 0),
(167, 1978, 0, 0, 0, 0, 0),
(168, 1979, 0, 0, 0, 0, 0),
(169, 1980, 0, 0, 0, 0, 0),
(170, 1981, 0, 0, 0, 0, 0),
(171, 1982, 0, 0, 0, 0, 0),
(172, 1983, 0, 0, 0, 0, 0),
(173, 1812, 0, 0, 0, 0, 0),
(174, 1813, 0, 0, 0, 0, 0),
(175, 1814, 0, 0, 0, 0, 0),
(176, 1815, 0, 0, 0, 0, 0),
(177, 1816, 0, 0, 0, 0, 0),
(178, 1817, 0, 0, 0, 0, 0),
(179, 1818, 0, 0, 0, 0, 0),
(180, 1819, 0, 0, 0, 0, 0),
(181, 1820, 0, 0, 0, 0, 0),
(182, 1821, 0, 0, 0, 0, 0),
(183, 1822, 0, 0, 0, 0, 0),
(184, 1823, 0, 0, 0, 0, 0),
(185, 1824, 0, 0, 0, 0, 0),
(186, 1825, 0, 0, 0, 0, 0),
(187, 1826, 0, 0, 0, 0, 0),
(188, 1827, 0, 0, 0, 0, 0),
(189, 1828, 0, 0, 0, 0, 0),
(190, 1829, 0, 0, 0, 0, 0),
(191, 1830, 0, 0, 0, 0, 0),
(192, 1831, 0, 0, 0, 0, 0),
(193, 1832, 0, 0, 0, 0, 0),
(194, 1833, 0, 0, 0, 0, 0),
(195, 1834, 0, 0, 0, 0, 0),
(196, 1835, 0, 0, 0, 0, 0),
(197, 1836, 0, 0, 0, 0, 0),
(198, 1837, 0, 0, 0, 0, 0),
(199, 1838, 0, 0, 0, 0, 0),
(200, 1839, 0, 0, 0, 0, 0),
(201, 1840, 0, 0, 0, 0, 0),
(202, 1841, 0, 0, 0, 0, 0),
(203, 1842, 0, 0, 0, 0, 0),
(204, 1843, 0, 0, 0, 0, 0),
(205, 1844, 0, 0, 0, 0, 0),
(206, 1845, 0, 0, 0, 0, 0),
(207, 1846, 0, 0, 0, 0, 0),
(208, 1847, 0, 0, 0, 0, 0),
(209, 1848, 0, 0, 0, 0, 0),
(210, 1849, 0, 0, 0, 0, 0),
(211, 1850, 0, 0, 0, 0, 0),
(212, 1851, 0, 0, 0, 0, 0),
(213, 1852, 0, 0, 0, 0, 0),
(214, 1853, 0, 0, 0, 0, 0),
(215, 1854, 0, 0, 0, 0, 0),
(216, 1855, 0, 0, 0, 0, 0),
(217, 1856, 0, 0, 0, 0, 0),
(218, 1857, 0, 0, 0, 0, 0),
(219, 1858, 0, 0, 0, 0, 0),
(220, 1859, 0, 0, 0, 0, 0),
(221, 1860, 0, 0, 0, 0, 0),
(222, 1861, 0, 0, 0, 0, 0),
(223, 1862, 0, 0, 0, 0, 0),
(224, 1863, 0, 0, 0, 0, 0),
(225, 1864, 0, 0, 0, 0, 0),
(226, 1865, 0, 0, 0, 0, 0),
(227, 1866, 0, 0, 0, 0, 0),
(228, 1867, 0, 0, 0, 0, 0),
(229, 1868, 0, 0, 0, 0, 0),
(230, 1869, 0, 0, 0, 0, 0),
(231, 1870, 0, 0, 0, 0, 0),
(232, 1871, 0, 0, 0, 0, 0),
(233, 1872, 0, 0, 0, 0, 0),
(234, 1873, 0, 0, 0, 0, 0),
(235, 1874, 0, 0, 0, 0, 0),
(236, 1875, 0, 0, 0, 0, 0),
(237, 1876, 0, 0, 0, 0, 0),
(238, 1877, 0, 0, 0, 0, 0),
(239, 1878, 0, 0, 0, 0, 0),
(240, 1879, 0, 0, 0, 0, 0),
(241, 1880, 0, 0, 0, 0, 0),
(242, 1881, 0, 0, 0, 0, 0),
(243, 1882, 0, 0, 0, 0, 0),
(244, 1883, 0, 0, 0, 0, 0),
(245, 1884, 0, 0, 0, 0, 0),
(246, 1885, 0, 0, 0, 0, 0),
(247, 1886, 0, 0, 0, 0, 0),
(248, 1887, 0, 0, 0, 0, 0),
(249, 1888, 0, 0, 0, 0, 0),
(250, 1889, 0, 0, 0, 0, 0),
(251, 1890, 0, 0, 0, 0, 0),
(252, 1891, 0, 0, 0, 0, 0),
(253, 1892, 0, 0, 0, 0, 0),
(254, 1893, 0, 0, 0, 0, 0),
(255, 1894, 0, 0, 0, 0, 0),
(256, 1895, 0, 0, 0, 0, 0),
(257, 1896, 0, 0, 0, 0, 0),
(258, 1897, 0, 0, 0, 0, 0);

-- --------------------------------------------------------

--
-- Struktur dari tabel `komplain`
--

CREATE TABLE `komplain` (
  `id_komplain` int(10) NOT NULL,
  `isi_komplain` varchar(20) NOT NULL,
  `tanggal` date NOT NULL
) ENGINE=InnoDB DEFAULT CHARSET=latin1;

--
-- Dumping data untuk tabel `komplain`
--

INSERT INTO `komplain` (`id_komplain`, `isi_komplain`, `tanggal`) VALUES
(1, 'ngebut', '0000-00-00'),
(2, 'ugal', '2018-05-18');

-- --------------------------------------------------------

--
-- Struktur dari tabel `libur`
--

CREATE TABLE `libur` (
  `id_libur` int(11) NOT NULL,
  `id_pegawai` int(11) NOT NULL
) ENGINE=InnoDB DEFAULT CHARSET=latin1;

-- --------------------------------------------------------

--
-- Struktur dari tabel `migration`
--

CREATE TABLE `migration` (
  `version` varchar(180) NOT NULL,
  `apply_time` int(11) DEFAULT NULL
) ENGINE=InnoDB DEFAULT CHARSET=latin1;

--
-- Dumping data untuk tabel `migration`
--

INSERT INTO `migration` (`version`, `apply_time`) VALUES
('m000000_000000_base', 1518604793),
('m130524_201442_init', 1518604800);

-- --------------------------------------------------------

--
-- Struktur dari tabel `pegawai`
--

CREATE TABLE `pegawai` (
  `id_pegawai` int(11) NOT NULL,
  `nama` varchar(20) NOT NULL,
  `no_induk` int(10) NOT NULL,
  `alamat` varchar(20) NOT NULL,
  `no_tlp` int(15) NOT NULL,
  `id_jabatan` int(11) NOT NULL,
  `riwayat_pendidikan` varchar(20) NOT NULL,
  `riwayat_pekerjaan` varchar(20) NOT NULL,
  `tgl_masuk` date NOT NULL,
  `jenis_kelamin` varchar(10) NOT NULL,
  `status` varchar(10) NOT NULL,
  `agama` varchar(10) NOT NULL,
  `kota` varchar(20) NOT NULL,
  `ktp_habis` date NOT NULL,
  `sim_habis` date NOT NULL,
  `shift` varchar(20) NOT NULL
) ENGINE=InnoDB DEFAULT CHARSET=latin1;

--
-- Dumping data untuk tabel `pegawai`
--

INSERT INTO `pegawai` (`id_pegawai`, `nama`, `no_induk`, `alamat`, `no_tlp`, `id_jabatan`, `riwayat_pendidikan`, `riwayat_pekerjaan`, `tgl_masuk`, `jenis_kelamin`, `status`, `agama`, `kota`, `ktp_habis`, `sim_habis`, `shift`) VALUES
(1, 'Imam. S', 1801, 'Surabaya', 2147483647, 1, 'SMA', 'Sopir', '0000-00-00', 'Laki-laki', 'Belum Nika', 'Islam', 'Surabaya', '0000-00-00', '0000-00-00', ''),
(2, 'A. Setyanto', 1802, 'Surabaya', 2147483647, 1, 'SMA', 'Sopir', '0000-00-00', 'Laki-laki', 'Belum Nika', 'Islam', 'Surabaya', '0000-00-00', '0000-00-00', ''),
(3, 'Suhartono', 1803, 'Surabaya', 2147483647, 1, 'SMA', 'Sopir', '0000-00-00', 'Laki-laki', 'Belum Nika', 'Islam', 'Surabaya', '0000-00-00', '0000-00-00', ''),
(4, 'Purnadi', 1804, 'Surabaya', 2147483647, 1, 'SMA', 'Sopir', '0000-00-00', 'Laki-laki', 'Belum Nika', 'Islam', 'Surabaya', '0000-00-00', '0000-00-00', ''),
(5, 'Kasari', 1805, 'Surabaya', 2147483647, 1, 'SMA', 'Sopir', '0000-00-00', 'Laki-laki', 'Belum Nika', 'Islam', 'Surabaya', '0000-00-00', '0000-00-00', ''),
(6, 'A. Harmoko', 1806, 'Surabaya', 2147483647, 1, 'SMA', 'Sopir', '0000-00-00', 'Laki-laki', 'Belum Nika', 'Islam', 'Surabaya', '0000-00-00', '0000-00-00', ''),
(7, 'Kardi', 1807, 'Surabaya', 2147483647, 1, 'SMA', 'Sopir', '0000-00-00', 'Laki-laki', 'Belum Nika', 'Islam', 'Surabaya', '0000-00-00', '0000-00-00', ''),
(8, 'Suherman', 1808, 'Surabaya', 2147483647, 1, 'SMA', 'Sopir', '0000-00-00', 'Laki-laki', 'Belum Nika', 'Islam', 'Surabaya', '0000-00-00', '0000-00-00', ''),
(9, 'Suhadi', 1809, 'Surabaya', 2147483647, 1, 'SMA', 'Sopir', '0000-00-00', 'Laki-laki', 'Belum Nika', 'Islam', 'Surabaya', '0000-00-00', '0000-00-00', ''),
(10, 'Dodik. H', 1810, 'Surabaya', 2147483647, 1, 'SMA', 'Sopir', '0000-00-00', 'Laki-laki', 'Belum Nika', 'Islam', 'Surabaya', '0000-00-00', '0000-00-00', ''),
(11, 'N. Ikwan', 1811, 'Surabaya', 2147483647, 1, 'SMA', 'Sopir', '0000-00-00', 'Laki-laki', 'Belum Nika', 'Islam', 'Surabaya', '0000-00-00', '0000-00-00', ''),
(12, 'Dani', 1812, 'Surabaya', 2147483647, 1, 'SMA', 'Sopir', '0000-00-00', 'Laki-laki', 'Belum Nika', 'Islam', 'Surabaya', '0000-00-00', '0000-00-00', ''),
(13, 'Mustoalim', 1813, 'Surabaya', 2147483647, 1, 'SMA', 'Sopir', '0000-00-00', 'Laki-laki', 'Belum Nika', 'Islam', 'Surabaya', '0000-00-00', '0000-00-00', ''),
(14, 'Budi Mulyanto', 1814, 'Surabaya', 2147483647, 1, 'SMA', 'Sopir', '0000-00-00', 'Laki-laki', 'Belum Nika', 'Islam', 'Surabaya', '0000-00-00', '0000-00-00', ''),
(15, 'Soko. M', 1815, 'Surabaya', 2147483647, 1, 'SMA', 'Sopir', '0000-00-00', 'Laki-laki', 'Belum Nika', 'Islam', 'Surabaya', '0000-00-00', '0000-00-00', ''),
(16, 'Andik. S', 1816, 'Surabaya', 2147483647, 1, 'SMA', 'Sopir', '0000-00-00', 'Laki-laki', 'Belum Nika', 'Islam', 'Surabaya', '0000-00-00', '0000-00-00', ''),
(17, 'S. Pramono', 1817, 'Surabaya', 2147483647, 1, 'SMA', 'Sopir', '0000-00-00', 'Laki-laki', 'Belum Nika', 'Islam', 'Surabaya', '0000-00-00', '0000-00-00', ''),
(18, 'Tamin', 1818, 'Surabaya', 2147483647, 1, 'SMA', 'Sopir', '0000-00-00', 'Laki-laki', 'Belum Nika', 'Islam', 'Surabaya', '0000-00-00', '0000-00-00', ''),
(19, 'Dodik Eka. W', 1819, 'Surabaya', 2147483647, 1, 'SMA', 'Sopir', '0000-00-00', 'Laki-laki', 'Belum Nika', 'Islam', 'Surabaya', '0000-00-00', '0000-00-00', ''),
(20, 'Nahmudin', 1820, 'Surabaya', 2147483647, 1, 'SMA', 'Sopir', '0000-00-00', 'Laki-laki', 'Belum Nika', 'Islam', 'Surabaya', '0000-00-00', '0000-00-00', ''),
(21, 'Supadi', 1821, 'Surabaya', 2147483647, 1, 'SMA', 'Sopir', '0000-00-00', 'Laki-laki', 'Belum Nika', 'Islam', 'Surabaya', '0000-00-00', '0000-00-00', ''),
(22, 'Kusdianto', 1822, 'Surabaya', 2147483647, 1, 'SMA', 'Sopir', '0000-00-00', 'Laki-laki', 'Belum Nika', 'Islam', 'Surabaya', '0000-00-00', '0000-00-00', ''),
(23, 'Dedy Wuryanto', 1823, 'Surabaya', 2147483647, 1, 'SMA', 'Sopir', '0000-00-00', 'Laki-laki', 'Belum Nika', 'Islam', 'Surabaya', '0000-00-00', '0000-00-00', ''),
(24, 'Puji Agus', 1824, 'Surabaya', 2147483647, 1, 'SMA', 'Sopir', '0000-00-00', 'Laki-laki', 'Belum Nika', 'Islam', 'Surabaya', '0000-00-00', '0000-00-00', ''),
(25, 'Saranto', 1825, 'Surabaya', 2147483647, 1, 'SMA', 'Sopir', '0000-00-00', 'Laki-laki', 'Belum Nika', 'Islam', 'Surabaya', '0000-00-00', '0000-00-00', ''),
(26, 'Sudarno', 1826, 'Surabaya', 2147483647, 1, 'SMA', 'Sopir', '0000-00-00', 'Laki-laki', 'Belum Nika', 'Islam', 'Surabaya', '0000-00-00', '0000-00-00', ''),
(27, 'Hermono', 1827, 'Surabaya', 2147483647, 1, 'SMA', 'Sopir', '0000-00-00', 'Laki-laki', 'Belum Nika', 'Islam', 'Surabaya', '0000-00-00', '0000-00-00', ''),
(28, 'Bambang. P', 1828, 'Surabaya', 2147483647, 1, 'SMA', 'Sopir', '0000-00-00', 'Laki-laki', 'Belum Nika', 'Islam', 'Surabaya', '0000-00-00', '0000-00-00', ''),
(29, 'Heri Yulianto', 1829, 'Surabaya', 2147483647, 1, 'SMA', 'Sopir', '0000-00-00', 'Laki-laki', 'Belum Nika', 'Islam', 'Surabaya', '0000-00-00', '0000-00-00', ''),
(30, 'Ida Bagus', 1830, 'Surabaya', 2147483647, 1, 'SMA', 'Sopir', '0000-00-00', 'Laki-laki', 'Belum Nika', 'Islam', 'Surabaya', '0000-00-00', '0000-00-00', ''),
(31, 'Suyanto', 1831, 'Surabaya', 2147483647, 1, 'SMA', 'Sopir', '0000-00-00', 'Laki-laki', 'Belum Nika', 'Islam', 'Surabaya', '0000-00-00', '0000-00-00', ''),
(32, 'Heri. S', 1832, 'Surabaya', 2147483647, 1, 'SMA', 'Sopir', '0000-00-00', 'Laki-laki', 'Belum Nika', 'Islam', 'Surabaya', '0000-00-00', '0000-00-00', ''),
(33, 'Supriyadi', 1833, 'Surabaya', 2147483647, 1, 'SMA', 'Sopir', '0000-00-00', 'Laki-laki', 'Belum Nika', 'Islam', 'Surabaya', '0000-00-00', '0000-00-00', ''),
(34, 'Hariyadi', 1834, 'Surabaya', 2147483647, 1, 'SMA', 'Sopir', '0000-00-00', 'Laki-laki', 'Belum Nika', 'Islam', 'Surabaya', '0000-00-00', '0000-00-00', ''),
(35, 'Winarko', 1835, 'Surabaya', 2147483647, 1, 'SMA', 'Sopir', '0000-00-00', 'Laki-laki', 'Belum Nika', 'Islam', 'Surabaya', '0000-00-00', '0000-00-00', ''),
(36, 'Abd. Rahman', 1836, 'Surabaya', 2147483647, 1, 'SMA', 'Sopir', '0000-00-00', 'Laki-laki', 'Belum Nika', 'Islam', 'Surabaya', '0000-00-00', '0000-00-00', ''),
(37, 'Isroil', 1837, 'Surabaya', 2147483647, 1, 'SMA', 'Sopir', '0000-00-00', 'Laki-laki', 'Belum Nika', 'Islam', 'Surabaya', '0000-00-00', '0000-00-00', ''),
(38, 'Wargo', 1838, 'Surabaya', 2147483647, 1, 'SMA', 'Sopir', '0000-00-00', 'Laki-laki', 'Belum Nika', 'Islam', 'Surabaya', '0000-00-00', '0000-00-00', ''),
(39, 'M. Sokib', 1839, 'Surabaya', 2147483647, 1, 'SMA', 'Sopir', '0000-00-00', 'Laki-laki', 'Belum Nika', 'Islam', 'Surabaya', '0000-00-00', '0000-00-00', ''),
(40, 'Soifudin', 1840, 'Surabaya', 2147483647, 1, 'SMA', 'Sopir', '0000-00-00', 'Laki-laki', 'Belum Nika', 'Islam', 'Surabaya', '0000-00-00', '0000-00-00', ''),
(41, 'Ab. Rofik', 1841, 'Surabaya', 2147483647, 1, 'SMA', 'Sopir', '0000-00-00', 'Laki-laki', 'Belum Nika', 'Islam', 'Surabaya', '0000-00-00', '0000-00-00', ''),
(42, 'Kusno', 1842, 'Surabaya', 2147483647, 1, 'SMA', 'Sopir', '0000-00-00', 'Laki-laki', 'Belum Nika', 'Islam', 'Surabaya', '0000-00-00', '0000-00-00', ''),
(43, 'Agus Dwi. P', 1843, 'Surabaya', 2147483647, 1, 'SMA', 'Sopir', '0000-00-00', 'Laki-laki', 'Belum Nika', 'Islam', 'Surabaya', '0000-00-00', '0000-00-00', ''),
(44, 'Feri Chandra', 1844, 'Surabaya', 2147483647, 1, 'SMA', 'Sopir', '0000-00-00', 'Laki-laki', 'Belum Nika', 'Islam', 'Surabaya', '0000-00-00', '0000-00-00', ''),
(45, 'S. Riyadi', 1845, 'Surabaya', 2147483647, 1, 'SMA', 'Sopir', '0000-00-00', 'Laki-laki', 'Belum Nika', 'Islam', 'Surabaya', '0000-00-00', '0000-00-00', ''),
(46, 'Nur Kholis', 1846, 'Surabaya', 2147483647, 1, 'SMA', 'Sopir', '0000-00-00', 'Laki-laki', 'Belum Nika', 'Islam', 'Surabaya', '0000-00-00', '0000-00-00', ''),
(47, 'Bambang', 1847, 'Surabaya', 2147483647, 1, 'SMA', 'Sopir', '0000-00-00', 'Laki-laki', 'Belum Nika', 'Islam', 'Surabaya', '0000-00-00', '0000-00-00', ''),
(48, 'Agus Toni. H', 1848, 'Surabaya', 2147483647, 1, 'SMA', 'Sopir', '0000-00-00', 'Laki-laki', 'Belum Nika', 'Islam', 'Surabaya', '0000-00-00', '0000-00-00', ''),
(49, 'N. Haris', 1849, 'Surabaya', 2147483647, 1, 'SMA', 'Sopir', '0000-00-00', 'Laki-laki', 'Belum Nika', 'Islam', 'Surabaya', '0000-00-00', '0000-00-00', ''),
(50, 'Teguh. H', 1850, 'Surabaya', 2147483647, 1, 'SMA', 'Sopir', '0000-00-00', 'Laki-laki', 'Belum Nika', 'Islam', 'Surabaya', '0000-00-00', '0000-00-00', ''),
(51, 'Nur Kholik', 1851, 'Surabaya', 2147483647, 1, 'SMA', 'Sopir', '0000-00-00', 'Laki-laki', 'Belum Nika', 'Islam', 'Surabaya', '0000-00-00', '0000-00-00', ''),
(52, 'Ali Muslyn', 1852, 'Surabaya', 2147483647, 1, 'SMA', 'Sopir', '0000-00-00', 'Laki-laki', 'Belum Nika', 'Islam', 'Surabaya', '0000-00-00', '0000-00-00', ''),
(53, 'Hariyadi 2', 1853, 'Surabaya', 2147483647, 1, 'SMA', 'Sopir', '0000-00-00', 'Laki-laki', 'Belum Nika', 'Islam', 'Surabaya', '0000-00-00', '0000-00-00', ''),
(54, 'Sugik', 1854, 'Surabaya', 2147483647, 1, 'SMA', 'Sopir', '0000-00-00', 'Laki-laki', 'Belum Nika', 'Islam', 'Surabaya', '0000-00-00', '0000-00-00', ''),
(55, 'Isroyin', 1855, 'Surabaya', 2147483647, 1, 'SMA', 'Sopir', '0000-00-00', 'Laki-laki', 'Belum Nika', 'Islam', 'Surabaya', '0000-00-00', '0000-00-00', ''),
(56, 'Ilyoso', 1856, 'Surabaya', 2147483647, 1, 'SMA', 'Sopir', '0000-00-00', 'Laki-laki', 'Belum Nika', 'Islam', 'Surabaya', '0000-00-00', '0000-00-00', ''),
(57, 'Joko. W', 1857, 'Surabaya', 2147483647, 1, 'SMA', 'Sopir', '0000-00-00', 'Laki-laki', 'Belum Nika', 'Islam', 'Surabaya', '0000-00-00', '0000-00-00', ''),
(58, 'Sutjipto', 1858, 'Surabaya', 2147483647, 1, 'SMA', 'Sopir', '0000-00-00', 'Laki-laki', 'Belum Nika', 'Islam', 'Surabaya', '0000-00-00', '0000-00-00', ''),
(59, 'Triono', 1859, 'Surabaya', 2147483647, 1, 'SMA', 'Sopir', '0000-00-00', 'Laki-laki', 'Belum Nika', 'Islam', 'Surabaya', '0000-00-00', '0000-00-00', ''),
(60, 'Faizin', 1860, 'Surabaya', 2147483647, 1, 'SMA', 'Sopir', '0000-00-00', 'Laki-laki', 'Belum Nika', 'Islam', 'Surabaya', '0000-00-00', '0000-00-00', ''),
(61, 'Jokiyono', 1861, 'Surabaya', 2147483647, 1, 'SMA', 'Sopir', '0000-00-00', 'Laki-laki', 'Belum Nika', 'Islam', 'Surabaya', '0000-00-00', '0000-00-00', ''),
(62, 'Muslimin', 1862, 'Surabaya', 2147483647, 1, 'SMA', 'Sopir', '0000-00-00', 'Laki-laki', 'Belum Nika', 'Islam', 'Surabaya', '0000-00-00', '0000-00-00', ''),
(63, 'Ansori', 1863, 'Surabaya', 2147483647, 1, 'SMA', 'Sopir', '0000-00-00', 'Laki-laki', 'Belum Nika', 'Islam', 'Surabaya', '0000-00-00', '0000-00-00', ''),
(64, 'Warsiman', 1864, 'Surabaya', 2147483647, 1, 'SMA', 'Sopir', '0000-00-00', 'Laki-laki', 'Belum Nika', 'Islam', 'Surabaya', '0000-00-00', '0000-00-00', ''),
(65, 'Muntari', 1901, 'Surabaya', 2147483647, 1, 'SMA', 'Sopir', '0000-00-00', 'Laki-laki', 'Belum Nika', 'Islam', 'Surabaya', '0000-00-00', '0000-00-00', ''),
(66, 'Muhaji', 1902, 'Surabaya', 2147483647, 1, 'SMA', 'Sopir', '0000-00-00', 'Laki-laki', 'Belum Nika', 'Islam', 'Surabaya', '0000-00-00', '0000-00-00', ''),
(67, 'Asmuni', 1903, 'Surabaya', 2147483647, 1, 'SMA', 'Sopir', '0000-00-00', 'Laki-laki', 'Belum Nika', 'Islam', 'Surabaya', '0000-00-00', '0000-00-00', ''),
(68, 'Ach. Rridwan', 1904, 'Surabaya', 2147483647, 2, 'SMA', 'Kondektur', '0000-00-00', 'Laki-laki', 'Belum Nika', 'Islam', 'Surabaya', '0000-00-00', '0000-00-00', ''),
(69, 'Pujianto', 1905, 'Surabaya', 2147483647, 2, 'SMA', 'Kondektur', '0000-00-00', 'Laki-laki', 'Belum Nika', 'Islam', 'Surabaya', '0000-00-00', '0000-00-00', ''),
(70, 'Siswanto', 1906, 'Surabaya', 2147483647, 2, 'SMA', 'Kondektur', '0000-00-00', 'Laki-laki', 'Belum Nika', 'Islam', 'Surabaya', '0000-00-00', '0000-00-00', ''),
(71, 'Trio Aji. C', 1907, 'Surabaya', 2147483647, 2, 'SMA', 'Kondektur', '0000-00-00', 'Laki-laki', 'Belum Nika', 'Islam', 'Surabaya', '0000-00-00', '0000-00-00', ''),
(72, 'Eko Bagus', 1908, 'Surabaya', 2147483647, 2, 'SMA', 'Kondektur', '0000-00-00', 'Laki-laki', 'Belum Nika', 'Islam', 'Surabaya', '0000-00-00', '0000-00-00', ''),
(73, 'Andi Purwanto', 1909, 'Surabaya', 2147483647, 2, 'SMA', 'Kondektur', '0000-00-00', 'Laki-laki', 'Belum Nika', 'Islam', 'Surabaya', '0000-00-00', '0000-00-00', ''),
(74, 'Sukaji', 1910, 'Surabaya', 2147483647, 2, 'SMA', 'Kondektur', '0000-00-00', 'Laki-laki', 'Belum Nika', 'Islam', 'Surabaya', '0000-00-00', '0000-00-00', ''),
(75, 'Iswanto', 1911, 'Surabaya', 2147483647, 2, 'SMA', 'Kondektur', '0000-00-00', 'Laki-laki', 'Belum Nika', 'Islam', 'Surabaya', '0000-00-00', '0000-00-00', ''),
(76, 'M. Saiful', 1912, 'Surabaya', 2147483647, 2, 'SMA', 'Kondektur', '0000-00-00', 'Laki-laki', 'Belum Nika', 'Islam', 'Surabaya', '0000-00-00', '0000-00-00', ''),
(77, 'Choirul Aris', 1913, 'Surabaya', 2147483647, 2, 'SMA', 'Kondektur', '0000-00-00', 'Laki-laki', 'Belum Nika', 'Islam', 'Surabaya', '0000-00-00', '0000-00-00', ''),
(78, 'Tri Candra', 1914, 'Surabaya', 2147483647, 2, 'SMA', 'Kondektur', '0000-00-00', 'Laki-laki', 'Belum Nika', 'Islam', 'Surabaya', '0000-00-00', '0000-00-00', ''),
(79, 'M. Rifandi', 1915, 'Surabaya', 2147483647, 2, 'SMA', 'Kondektur', '0000-00-00', 'Laki-laki', 'Belum Nika', 'Islam', 'Surabaya', '0000-00-00', '0000-00-00', ''),
(80, 'Widarto', 1916, 'Surabaya', 2147483647, 2, 'SMA', 'Kondektur', '0000-00-00', 'Laki-laki', 'Belum Nika', 'Islam', 'Surabaya', '0000-00-00', '0000-00-00', ''),
(81, 'Dwi. S', 1917, 'Surabaya', 2147483647, 2, 'SMA', 'Kondektur', '0000-00-00', 'Laki-laki', 'Belum Nika', 'Islam', 'Surabaya', '0000-00-00', '0000-00-00', ''),
(82, 'Agus Teguh', 1918, 'Surabaya', 2147483647, 2, 'SMA', 'Kondektur', '0000-00-00', 'Laki-laki', 'Belum Nika', 'Islam', 'Surabaya', '0000-00-00', '0000-00-00', ''),
(83, 'Saifudin', 1919, 'Surabaya', 2147483647, 2, 'SMA', 'Kondektur', '0000-00-00', 'Laki-laki', 'Belum Nika', 'Islam', 'Surabaya', '0000-00-00', '0000-00-00', ''),
(84, 'Suprayitno', 1920, 'Surabaya', 2147483647, 2, 'SMA', 'Kondektur', '0000-00-00', 'Laki-laki', 'Belum Nika', 'Islam', 'Surabaya', '0000-00-00', '0000-00-00', ''),
(85, 'Tarmuji', 1921, 'Surabaya', 2147483647, 2, 'SMA', 'Kondektur', '0000-00-00', 'Laki-laki', 'Belum Nika', 'Islam', 'Surabaya', '0000-00-00', '0000-00-00', ''),
(86, 'Wijatmoko', 1922, 'Surabaya', 2147483647, 2, 'SMA', 'Kondektur', '0000-00-00', 'Laki-laki', 'Belum Nika', 'Islam', 'Surabaya', '0000-00-00', '0000-00-00', ''),
(87, 'Sukri', 1923, 'Surabaya', 2147483647, 2, 'SMA', 'Kondektur', '0000-00-00', 'Laki-laki', 'Belum Nika', 'Islam', 'Surabaya', '0000-00-00', '0000-00-00', ''),
(88, 'Amiran', 1924, 'Surabaya', 2147483647, 2, 'SMA', 'Kondektur', '0000-00-00', 'Laki-laki', 'Belum Nika', 'Islam', 'Surabaya', '0000-00-00', '0000-00-00', ''),
(89, 'Puguh. W', 1925, 'Surabaya', 2147483647, 2, 'SMA', 'Kondektur', '0000-00-00', 'Laki-laki', 'Belum Nika', 'Islam', 'Surabaya', '0000-00-00', '0000-00-00', ''),
(90, 'Rizky. BU', 1926, 'Surabaya', 2147483647, 2, 'SMA', 'Kondektur', '0000-00-00', 'Laki-laki', 'Belum Nika', 'Islam', 'Surabaya', '0000-00-00', '0000-00-00', ''),
(91, 'Nanang', 1927, 'Surabaya', 2147483647, 2, 'SMA', 'Kondektur', '0000-00-00', 'Laki-laki', 'Belum Nika', 'Islam', 'Surabaya', '0000-00-00', '0000-00-00', ''),
(92, 'Teki Panca', 1928, 'Surabaya', 2147483647, 2, 'SMA', 'Kondektur', '0000-00-00', 'Laki-laki', 'Belum Nika', 'Islam', 'Surabaya', '0000-00-00', '0000-00-00', ''),
(93, 'Jumadi', 1929, 'Surabaya', 2147483647, 2, 'SMA', 'Kondektur', '0000-00-00', 'Laki-laki', 'Belum Nika', 'Islam', 'Surabaya', '0000-00-00', '0000-00-00', ''),
(94, 'Tamijo', 1930, 'Surabaya', 2147483647, 2, 'SMA', 'Kondektur', '0000-00-00', 'Laki-laki', 'Belum Nika', 'Islam', 'Surabaya', '0000-00-00', '0000-00-00', ''),
(95, 'Slamet. R', 1931, 'Surabaya', 2147483647, 2, 'SMA', 'Kondektur', '0000-00-00', 'Laki-laki', 'Belum Nika', 'Islam', 'Surabaya', '0000-00-00', '0000-00-00', ''),
(96, 'Tri Bowo', 1932, 'Surabaya', 2147483647, 2, 'SMA', 'Kondektur', '0000-00-00', 'Laki-laki', 'Belum Nika', 'Islam', 'Surabaya', '0000-00-00', '0000-00-00', ''),
(97, 'A. Tri Cahyono', 1933, 'Surabaya', 2147483647, 2, 'SMA', 'Kondektur', '0000-00-00', 'Laki-laki', 'Belum Nika', 'Islam', 'Surabaya', '0000-00-00', '0000-00-00', ''),
(98, 'Iqbal Adi', 1934, 'Surabaya', 2147483647, 2, 'SMA', 'Kondektur', '0000-00-00', 'Laki-laki', 'Belum Nika', 'Islam', 'Surabaya', '0000-00-00', '0000-00-00', ''),
(99, 'Mulyadi. M', 1935, 'Surabaya', 2147483647, 2, 'SMA', 'Kondektur', '0000-00-00', 'Laki-laki', 'Belum Nika', 'Islam', 'Surabaya', '0000-00-00', '0000-00-00', ''),
(100, 'Agus. S', 1936, 'Surabaya', 2147483647, 2, 'SMA', 'Kondektur', '0000-00-00', 'Laki-laki', 'Belum Nika', 'Islam', 'Surabaya', '0000-00-00', '0000-00-00', ''),
(101, 'Ilham Budi', 1937, 'Surabaya', 2147483647, 2, 'SMA', 'Kondektur', '0000-00-00', 'Laki-laki', 'Belum Nika', 'Islam', 'Surabaya', '0000-00-00', '0000-00-00', ''),
(102, 'Bayu Joko', 1938, 'Surabaya', 2147483647, 2, 'SMA', 'Kondektur', '0000-00-00', 'Laki-laki', 'Belum Nika', 'Islam', 'Surabaya', '0000-00-00', '0000-00-00', ''),
(103, 'Suwito', 1939, 'Surabaya', 2147483647, 2, 'SMA', 'Kondektur', '0000-00-00', 'Laki-laki', 'Belum Nika', 'Islam', 'Surabaya', '0000-00-00', '0000-00-00', ''),
(104, 'Hermawan', 1940, 'Surabaya', 2147483647, 2, 'SMA', 'Kondektur', '0000-00-00', 'Laki-laki', 'Belum Nika', 'Islam', 'Surabaya', '0000-00-00', '0000-00-00', ''),
(105, 'Choirul. A', 1941, 'Surabaya', 2147483647, 2, 'SMA', 'Kondektur', '0000-00-00', 'Laki-laki', 'Belum Nika', 'Islam', 'Surabaya', '0000-00-00', '0000-00-00', ''),
(106, 'D. Setiawan', 1942, 'Surabaya', 2147483647, 2, 'SMA', 'Kondektur', '0000-00-00', 'Laki-laki', 'Belum Nika', 'Islam', 'Surabaya', '0000-00-00', '0000-00-00', ''),
(107, 'Teguh. N', 1943, 'Surabaya', 2147483647, 2, 'SMA', 'Kondektur', '0000-00-00', 'Laki-laki', 'Belum Nika', 'Islam', 'Surabaya', '0000-00-00', '0000-00-00', ''),
(108, 'Najib', 1944, 'Surabaya', 2147483647, 2, 'SMA', 'Kondektur', '0000-00-00', 'Laki-laki', 'Belum Nika', 'Islam', 'Surabaya', '0000-00-00', '0000-00-00', ''),
(109, 'Eko. P', 1945, 'Surabaya', 2147483647, 2, 'SMA', 'Kondektur', '0000-00-00', 'Laki-laki', 'Belum Nika', 'Islam', 'Surabaya', '0000-00-00', '0000-00-00', ''),
(110, 'Sudarto', 1946, 'Surabaya', 2147483647, 2, 'SMA', 'Kondektur', '0000-00-00', 'Laki-laki', 'Belum Nika', 'Islam', 'Surabaya', '0000-00-00', '0000-00-00', ''),
(111, 'Suyono', 1947, 'Surabaya', 2147483647, 2, 'SMA', 'Kondektur', '0000-00-00', 'Laki-laki', 'Belum Nika', 'Islam', 'Surabaya', '0000-00-00', '0000-00-00', ''),
(112, 'Danang. E', 1948, 'Surabaya', 2147483647, 2, 'SMA', 'Kondektur', '0000-00-00', 'Laki-laki', 'Belum Nika', 'Islam', 'Surabaya', '0000-00-00', '0000-00-00', ''),
(113, 'A. Primadona', 1949, 'Surabaya', 2147483647, 2, 'SMA', 'Kondektur', '0000-00-00', 'Laki-laki', 'Belum Nika', 'Islam', 'Surabaya', '0000-00-00', '0000-00-00', ''),
(114, 'Erka Irawan', 1950, 'Surabaya', 2147483647, 2, 'SMA', 'Kondektur', '0000-00-00', 'Laki-laki', 'Belum Nika', 'Islam', 'Surabaya', '0000-00-00', '0000-00-00', ''),
(115, 'Ismu. R', 1951, 'Surabaya', 2147483647, 2, 'SMA', 'Kondektur', '0000-00-00', 'Laki-laki', 'Belum Nika', 'Islam', 'Surabaya', '0000-00-00', '0000-00-00', ''),
(116, 'Suprayitno. B', 1952, 'Surabaya', 2147483647, 2, 'SMA', 'Kondektur', '0000-00-00', 'Laki-laki', 'Belum Nika', 'Islam', 'Surabaya', '0000-00-00', '0000-00-00', ''),
(117, 'Slamet. K', 1953, 'Surabaya', 2147483647, 2, 'SMA', 'Kondektur', '0000-00-00', 'Laki-laki', 'Belum Nika', 'Islam', 'Surabaya', '0000-00-00', '0000-00-00', ''),
(118, 'Sudarwis', 1954, 'Surabaya', 2147483647, 2, 'SMA', 'Kondektur', '0000-00-00', 'Laki-laki', 'Belum Nika', 'Islam', 'Surabaya', '0000-00-00', '0000-00-00', ''),
(119, 'K. Sampurno', 1955, 'Surabaya', 2147483647, 2, 'SMA', 'Kondektur', '0000-00-00', 'Laki-laki', 'Belum Nika', 'Islam', 'Surabaya', '0000-00-00', '0000-00-00', ''),
(120, 'Andri. M', 1956, 'Surabaya', 2147483647, 2, 'SMA', 'Kondektur', '0000-00-00', 'Laki-laki', 'Belum Nika', 'Islam', 'Surabaya', '0000-00-00', '0000-00-00', ''),
(121, 'Budianto', 1957, 'Surabaya', 2147483647, 2, 'SMA', 'Kondektur', '0000-00-00', 'Laki-laki', 'Belum Nika', 'Islam', 'Surabaya', '0000-00-00', '0000-00-00', ''),
(122, 'Kariyono', 1958, 'Surabaya', 2147483647, 2, 'SMA', 'Kondektur', '0000-00-00', 'Laki-laki', 'Belum Nika', 'Islam', 'Surabaya', '0000-00-00', '0000-00-00', ''),
(123, 'Sukar', 1959, 'Surabaya', 2147483647, 2, 'SMA', 'Kondektur', '0000-00-00', 'Laki-laki', 'Belum Nika', 'Islam', 'Surabaya', '0000-00-00', '0000-00-00', ''),
(124, 'Zaenal. E', 1960, 'Surabaya', 2147483647, 2, 'SMA', 'Kondektur', '0000-00-00', 'Laki-laki', 'Belum Nika', 'Islam', 'Surabaya', '0000-00-00', '0000-00-00', ''),
(125, 'Ach. Yahya', 1961, 'Surabaya', 2147483647, 2, 'SMA', 'Kondektur', '0000-00-00', 'Laki-laki', 'Belum Nika', 'Islam', 'Surabaya', '0000-00-00', '0000-00-00', ''),
(126, 'Wahyu', 1962, 'Surabaya', 2147483647, 2, 'SMA', 'Kondektur', '0000-00-00', 'Laki-laki', 'Belum Nika', 'Islam', 'Surabaya', '0000-00-00', '0000-00-00', ''),
(127, 'Mansur', 1963, 'Surabaya', 2147483647, 2, 'SMA', 'Kondektur', '0000-00-00', 'Laki-laki', 'Belum Nika', 'Islam', 'Surabaya', '0000-00-00', '0000-00-00', ''),
(128, 'Supriyanto', 1964, 'Surabaya', 2147483647, 2, 'SMA', 'Kondektur', '0000-00-00', 'Laki-laki', 'Belum Nika', 'Islam', 'Surabaya', '0000-00-00', '0000-00-00', ''),
(129, 'M. Rudi', 1965, 'Surabaya', 2147483647, 2, 'SMA', 'Kondektur', '0000-00-00', 'Laki-laki', 'Belum Nika', 'Islam', 'Surabaya', '0000-00-00', '0000-00-00', ''),
(130, 'Rino Adi', 1966, 'Surabaya', 2147483647, 2, 'SMA', 'Kondektur', '0000-00-00', 'Laki-laki', 'Belum Nika', 'Islam', 'Surabaya', '0000-00-00', '0000-00-00', ''),
(131, 'Suroto', 1967, 'Surabaya', 2147483647, 2, 'SMA', 'Kondektur', '0000-00-00', 'Laki-laki', 'Belum Nika', 'Islam', 'Surabaya', '0000-00-00', '0000-00-00', ''),
(132, 'Sukepi', 1968, 'Surabaya', 2147483647, 2, 'SMA', 'Kondektur', '0000-00-00', 'Laki-laki', 'Belum Nika', 'Islam', 'Surabaya', '0000-00-00', '0000-00-00', ''),
(133, 'Agus. H', 1969, 'Surabaya', 2147483647, 2, 'SMA', 'Kondektur', '0000-00-00', 'Laki-laki', 'Belum Nika', 'Islam', 'Surabaya', '0000-00-00', '0000-00-00', ''),
(134, 'Nur Ali', 1970, 'Surabaya', 2147483647, 2, 'SMA', 'Kondektur', '0000-00-00', 'Laki-laki', 'Belum Nika', 'Islam', 'Surabaya', '0000-00-00', '0000-00-00', ''),
(135, 'Saiful', 1971, 'Surabaya', 2147483647, 2, 'SMA', 'Kondektur', '0000-00-00', 'Laki-laki', 'Belum Nika', 'Islam', 'Surabaya', '0000-00-00', '0000-00-00', ''),
(136, 'Untung', 1972, 'Surabaya', 2147483647, 2, 'SMA', 'Kondektur', '0000-00-00', 'Laki-laki', 'Belum Nika', 'Islam', 'Surabaya', '0000-00-00', '0000-00-00', ''),
(137, 'Aris. K', 1973, 'Surabaya', 2147483647, 2, 'SMA', 'Kondektur', '0000-00-00', 'Laki-laki', 'Belum Nika', 'Islam', 'Surabaya', '0000-00-00', '0000-00-00', '');

-- --------------------------------------------------------

--
-- Struktur dari tabel `pengeluaran`
--

CREATE TABLE `pengeluaran` (
  `id_pengeluaran` int(11) NOT NULL,
  `solar_pergi` int(11) NOT NULL,
  `solar_pulang` int(11) NOT NULL,
  `um_sopir` int(11) NOT NULL,
  `um_kondektur` int(11) NOT NULL,
  `cuci bis` int(11) NOT NULL,
  `tpr` int(11) NOT NULL,
  `tol` int(11) NOT NULL,
  `siaran` int(11) NOT NULL,
  `parkir` int(11) NOT NULL,
  `lain_lain` int(11) NOT NULL,
  `uang_minuman` int(11) NOT NULL
) ENGINE=InnoDB DEFAULT CHARSET=latin1;

-- --------------------------------------------------------

--
-- Struktur dari tabel `setor`
--

CREATE TABLE `setor` (
  `id_setor` int(11) NOT NULL,
  `id_jadwal` int(11) NOT NULL,
  `tpr_sby` int(11) NOT NULL,
  `mandor_sby` int(11) NOT NULL,
  `tpr_crbn` int(11) NOT NULL,
  `mandor_crbn` int(11) NOT NULL,
  `tpr_ngawi` int(11) NOT NULL,
  `mandor_ngawi` int(11) NOT NULL,
  `tpr_solo` int(11) NOT NULL,
  `mandor_solo` int(11) NOT NULL,
  `tpr_krtsn` int(11) NOT NULL,
  `mandor_ktrsn` int(11) NOT NULL,
  `tpr_sltg` int(11) NOT NULL,
  `mandor_sltg` int(11) NOT NULL,
  `tpr_smg` int(11) NOT NULL,
  `mandor_smg` int(11) NOT NULL,
  `solar_pergi` int(11) NOT NULL,
  `nom_solar_pergi` int(11) NOT NULL,
  `solar_plg` int(11) NOT NULL,
  `nom_solar_plg` int(11) NOT NULL,
  `um_sopir` int(11) NOT NULL,
  `um_kond` int(11) NOT NULL,
  `cuci_bis` int(11) NOT NULL,
  `tpr` int(11) NOT NULL,
  `tol` int(11) NOT NULL,
  `siaran` int(11) NOT NULL,
  `lain_lain` int(11) NOT NULL,
  `potong_minum` int(11) NOT NULL,
  `pendapatan_kotor` int(11) NOT NULL,
  `bersih_perjalanan` int(11) NOT NULL,
  `total_bersih` int(11) NOT NULL
) ENGINE=InnoDB DEFAULT CHARSET=latin1;

-- --------------------------------------------------------

--
-- Struktur dari tabel `setoran`
--

CREATE TABLE `setoran` (
  `id_setoran` int(10) NOT NULL,
  `id_jadwal` int(11) NOT NULL,
  `id_karcis` int(11) NOT NULL,
  `id_bon` int(11) NOT NULL,
  `id_tpr` int(11) NOT NULL,
  `id_pengeluaran` int(11) NOT NULL,
  `pendapatan_kotor` int(11) NOT NULL,
  `bersih_perjalanan` int(11) NOT NULL
) ENGINE=InnoDB DEFAULT CHARSET=latin1;

--
-- Dumping data untuk tabel `setoran`
--

INSERT INTO `setoran` (`id_setoran`, `id_jadwal`, `id_karcis`, `id_bon`, `id_tpr`, `id_pengeluaran`, `pendapatan_kotor`, `bersih_perjalanan`) VALUES
(1, 1, 1, 1, 1, 1, 1, 1),
(2, 2, 0, 0, 0, 0, 0, 0),
(3, 3, 0, 0, 0, 0, 0, 0),
(4, 4, 0, 0, 0, 0, 0, 0),
(5, 5, 0, 0, 0, 0, 0, 0),
(6, 6, 0, 0, 0, 0, 0, 0),
(7, 7, 0, 0, 0, 0, 0, 0),
(8, 8, 0, 0, 0, 0, 0, 0),
(9, 9, 0, 0, 0, 0, 0, 0),
(10, 10, 0, 0, 0, 0, 0, 0),
(11, 11, 0, 0, 0, 0, 0, 0),
(12, 12, 0, 0, 0, 0, 0, 0),
(13, 13, 0, 0, 0, 0, 0, 0),
(14, 14, 0, 0, 0, 0, 0, 0),
(15, 15, 0, 0, 0, 0, 0, 0),
(16, 16, 0, 0, 0, 0, 0, 0),
(17, 17, 0, 0, 0, 0, 0, 0),
(18, 18, 0, 0, 0, 0, 0, 0),
(19, 19, 0, 0, 0, 0, 0, 0),
(20, 20, 0, 0, 0, 0, 0, 0),
(21, 21, 0, 0, 0, 0, 0, 0),
(22, 22, 0, 0, 0, 0, 0, 0),
(23, 23, 0, 0, 0, 0, 0, 0),
(24, 24, 0, 0, 0, 0, 0, 0),
(25, 25, 0, 0, 0, 0, 0, 0),
(26, 26, 0, 0, 0, 0, 0, 0),
(27, 27, 0, 0, 0, 0, 0, 0),
(28, 28, 0, 0, 0, 0, 0, 0),
(29, 29, 0, 0, 0, 0, 0, 0),
(30, 30, 0, 0, 0, 0, 0, 0),
(31, 31, 0, 0, 0, 0, 0, 0),
(32, 32, 0, 0, 0, 0, 0, 0),
(33, 33, 0, 0, 0, 0, 0, 0),
(34, 34, 0, 0, 0, 0, 0, 0),
(35, 35, 0, 0, 0, 0, 0, 0),
(36, 36, 0, 0, 0, 0, 0, 0),
(37, 37, 0, 0, 0, 0, 0, 0),
(38, 38, 0, 0, 0, 0, 0, 0),
(39, 39, 0, 0, 0, 0, 0, 0),
(40, 40, 0, 0, 0, 0, 0, 0),
(41, 41, 0, 0, 0, 0, 0, 0),
(42, 42, 0, 0, 0, 0, 0, 0),
(43, 43, 0, 0, 0, 0, 0, 0),
(44, 44, 0, 0, 0, 0, 0, 0),
(45, 45, 0, 0, 0, 0, 0, 0),
(46, 46, 0, 0, 0, 0, 0, 0),
(47, 47, 0, 0, 0, 0, 0, 0),
(48, 48, 0, 0, 0, 0, 0, 0),
(49, 49, 0, 0, 0, 0, 0, 0),
(50, 50, 0, 0, 0, 0, 0, 0),
(51, 51, 0, 0, 0, 0, 0, 0),
(52, 52, 0, 0, 0, 0, 0, 0),
(53, 53, 0, 0, 0, 0, 0, 0),
(54, 54, 0, 0, 0, 0, 0, 0),
(55, 55, 0, 0, 0, 0, 0, 0),
(56, 56, 0, 0, 0, 0, 0, 0),
(57, 57, 0, 0, 0, 0, 0, 0),
(58, 58, 0, 0, 0, 0, 0, 0),
(59, 59, 0, 0, 0, 0, 0, 0),
(60, 60, 0, 0, 0, 0, 0, 0),
(61, 61, 0, 0, 0, 0, 0, 0),
(62, 62, 0, 0, 0, 0, 0, 0),
(63, 63, 0, 0, 0, 0, 0, 0),
(64, 64, 0, 0, 0, 0, 0, 0),
(65, 65, 0, 0, 0, 0, 0, 0),
(66, 66, 0, 0, 0, 0, 0, 0),
(67, 67, 0, 0, 0, 0, 0, 0),
(68, 68, 0, 0, 0, 0, 0, 0),
(69, 69, 0, 0, 0, 0, 0, 0),
(70, 70, 0, 0, 0, 0, 0, 0),
(71, 71, 0, 0, 0, 0, 0, 0),
(72, 72, 0, 0, 0, 0, 0, 0),
(73, 73, 0, 0, 0, 0, 0, 0),
(74, 74, 0, 0, 0, 0, 0, 0),
(75, 75, 0, 0, 0, 0, 0, 0),
(76, 76, 0, 0, 0, 0, 0, 0),
(77, 77, 0, 0, 0, 0, 0, 0),
(78, 78, 0, 0, 0, 0, 0, 0),
(79, 79, 0, 0, 0, 0, 0, 0),
(80, 80, 0, 0, 0, 0, 0, 0),
(81, 81, 0, 0, 0, 0, 0, 0),
(82, 82, 0, 0, 0, 0, 0, 0),
(83, 83, 0, 0, 0, 0, 0, 0),
(84, 84, 0, 0, 0, 0, 0, 0),
(85, 85, 0, 0, 0, 0, 0, 0),
(86, 86, 0, 0, 0, 0, 0, 0);

-- --------------------------------------------------------

--
-- Struktur dari tabel `stok`
--

CREATE TABLE `stok` (
  `id_stok` int(10) NOT NULL,
  `tipe_karcis` varchar(10) NOT NULL
) ENGINE=InnoDB DEFAULT CHARSET=latin1;

--
-- Dumping data untuk tabel `stok`
--

INSERT INTO `stok` (`id_stok`, `tipe_karcis`) VALUES
(1, 'A'),
(2, 'B'),
(3, 'C'),
(4, 'D'),
(5, 'E'),
(6, 'F'),
(7, 'G'),
(8, 'H'),
(9, 'I'),
(10, 'J'),
(11, 'K'),
(12, 'L'),
(13, 'M'),
(14, 'N'),
(15, 'O'),
(16, 'P'),
(17, 'Q'),
(18, 'R'),
(19, 'S'),
(20, 'T'),
(21, 'U'),
(22, 'V'),
(23, 'W'),
(24, 'X'),
(25, 'Y'),
(26, 'Z'),
(27, 'CA'),
(28, 'CB'),
(29, 'CC'),
(30, 'CD'),
(31, 'CE'),
(32, 'CF'),
(33, 'CG'),
(34, 'CH'),
(35, 'CI'),
(36, 'CJ'),
(37, 'CK'),
(38, 'CL'),
(39, 'CM'),
(40, 'CN'),
(41, 'CO'),
(42, 'CP'),
(43, 'CQ'),
(44, 'CR'),
(45, 'CS'),
(46, 'CT'),
(47, 'CU'),
(48, 'CV'),
(49, 'CW'),
(50, 'CX'),
(51, 'CY'),
(52, 'CZ'),
(53, 'ZA'),
(54, 'CZA'),
(55, 'CZB'),
(56, 'CZC'),
(57, 'CZD'),
(58, 'CZE'),
(59, 'CZF'),
(60, 'CZG'),
(61, 'CZH'),
(62, 'CZI'),
(63, 'CZJ'),
(64, 'CZK'),
(65, 'CZL'),
(66, 'CZM'),
(67, 'CZN'),
(68, 'CZO'),
(69, 'CZP'),
(70, 'CZQ'),
(71, 'CZR');

-- --------------------------------------------------------

--
-- Struktur dari tabel `terminal`
--

CREATE TABLE `terminal` (
  `id_terminal` int(11) NOT NULL,
  `terminal` varchar(20) NOT NULL
) ENGINE=InnoDB DEFAULT CHARSET=latin1;

--
-- Dumping data untuk tabel `terminal`
--

INSERT INTO `terminal` (`id_terminal`, `terminal`) VALUES
(1, 'SURABAYA'),
(2, 'CARUBAN'),
(3, 'NGAWI'),
(4, 'SOLO'),
(5, 'KARTOSURO'),
(6, 'SALATIGA'),
(7, 'SEMARANG');

-- --------------------------------------------------------

--
-- Struktur dari tabel `tilangan`
--

CREATE TABLE `tilangan` (
  `id_tilangan` int(10) NOT NULL,
  `tanggal_tilangan` date NOT NULL,
  `denda` varchar(20) NOT NULL,
  `jenis_pelanggaran` varchar(20) NOT NULL,
  `tempat_kejadian` varchar(20) NOT NULL,
  `tanggal_batas_tilang` date NOT NULL,
  `status` varchar(10) NOT NULL
) ENGINE=InnoDB DEFAULT CHARSET=latin1;

--
-- Dumping data untuk tabel `tilangan`
--

INSERT INTO `tilangan` (`id_tilangan`, `tanggal_tilangan`, `denda`, `jenis_pelanggaran`, `tempat_kejadian`, `tanggal_batas_tilang`, `status`) VALUES
(1, '0000-00-00', '100000', 'melanggar', 'surabaya', '0000-00-00', 'belum');

-- --------------------------------------------------------

--
-- Struktur dari tabel `tpr`
--

CREATE TABLE `tpr` (
  `id_tpr` int(11) NOT NULL,
  `id_bus` int(11) NOT NULL,
  `id_terminal` int(11) NOT NULL,
  `tpr` int(11) NOT NULL,
  `kemandoran` int(11) NOT NULL
) ENGINE=InnoDB DEFAULT CHARSET=latin1;

--
-- Dumping data untuk tabel `tpr`
--

INSERT INTO `tpr` (`id_tpr`, `id_bus`, `id_terminal`, `tpr`, `kemandoran`) VALUES
(1, 2, 1, 2, 8000),
(2, 1, 1, 2, 16000);

-- --------------------------------------------------------

--
-- Struktur dari tabel `user`
--

CREATE TABLE `user` (
  `id` int(11) NOT NULL,
  `username` varchar(255) COLLATE utf8_unicode_ci NOT NULL,
  `auth_key` varchar(32) COLLATE utf8_unicode_ci NOT NULL,
  `password_hash` varchar(255) COLLATE utf8_unicode_ci NOT NULL,
  `password_reset_token` varchar(255) COLLATE utf8_unicode_ci DEFAULT NULL,
  `email` varchar(255) COLLATE utf8_unicode_ci NOT NULL,
  `status` smallint(6) NOT NULL DEFAULT '10',
  `created_at` int(11) NOT NULL,
  `updated_at` int(11) NOT NULL,
  `level` int(1) NOT NULL DEFAULT '1' COMMENT '1=kabag,2=keuangan,3=karcis'
) ENGINE=InnoDB DEFAULT CHARSET=utf8 COLLATE=utf8_unicode_ci;

--
-- Dumping data untuk tabel `user`
--

INSERT INTO `user` (`id`, `username`, `auth_key`, `password_hash`, `password_reset_token`, `email`, `status`, `created_at`, `updated_at`, `level`) VALUES
(1, 'puspa', 'YACEdhYhZ3gEEPfLgEOccYUYZHYD_z6y', '$2y$13$2PqPzMAkRWpLhKRrHyt0H.epNJsZm7SNP0rch/REcKwu5D2E5iVaC', NULL, 'puspa@gmail.com', 10, 1518605016, 1518605016, 0),
(2, 'kabag', 'Dm8Fs3QJ8hedGrxZCv2jV3lR_NoC3BqD', '$2y$13$XeCcGYFNKCzHEuFN4VcwlekhrzA49oYOkk07ELiRtWY0dBnO0Vs56', NULL, 'kabag@gmail.com', 10, 1519394488, 1519394488, 1),
(3, 'keuangan', '_KSrmTIBPy5yCYLVzD3NVguXJ0qlfDJK', '$2y$13$gEBurN6NxVwkYYlBDe0ZjeGmXnvbkZbP/n6KnF4rlSo66RjOn7V1e', NULL, 'keuangan@gmail.com', 10, 1519394532, 1519394532, 2),
(4, 'karcis', 'NL_YAgqgWYckH0HHZrVNESA2p7WBHOlK', '$2y$13$a9BGOcZOyHJ2TNF5P8ro2OExv5H/mTriPSLmp9bCWRdxuk5MLWpzi', NULL, 'karcis@gmail.com', 10, 1519394559, 1519394559, 3),
(5, 'ishom', 'w2-U6m-zCIySyqG9aYCUV34TM7atvUmD', '$2y$13$DnA2GL6qE4FIgclQ0m6TNOj6JjjzHWYeLWqiDeq7g7w0/3SQB6Moq', NULL, 'ishom@gmail.com', 10, 1520501033, 1520501033, 1),
(6, 'isho2', '9rQqXeVDDx1gEaNL1eVJL_kGn0fiyZBy', '$2y$13$rgN4MBXqARmFUuNA81FHbOZpjjzqI6Oc1mfTfCiYKl.wCuikpnaiC', NULL, 'isho2@gmail.com', 10, 1520501724, 1520501724, 3),
(7, 'puspa1', '2vhvGWmYefJs0zzYkRssCbOY6iqAw-X_', '$2y$13$NhKwq4a6F.fmPPcGO2N2oex6oMA5KRQv4hQQICbPkM2c4AJfSwQw6', NULL, 'puspa1@gmail.com', 10, 1520513868, 1520513868, 1),
(8, 'puspa2', 'aKKPSzzxJocCz3g7g4iafP4csL-pVIrl', '$2y$13$KsiS/FmvhlNxjCUn0DndfuJbEKbUJFPXQOd/ZTWySmvi7LErG0r16', NULL, 'puspa2@gmail.com', 10, 1520513939, 1520513939, 2),
(9, 'puspakeuangan', 'iLnad951ejz7XrffYo4FXBO-J-CetkXL', '$2y$13$I1KQKN6NnbVn8J4vQKM2humNBjOdETIVZGApHZq7opSS1QIWrJMk.', NULL, 'puspakeuangan@gmail.com', 10, 1526453899, 1526453899, 2),
(10, 'puspaayu', '5ptGMpN2A8B9cbjfe_i3y5c4Sth7chXJ', '$2y$13$8bRHrWqWshnI74xmdf.i3.u1XvkJjpeJJW6bgu2GTq143Tx3Ayi8q', NULL, 'puspaayu@gmail.com', 10, 1527873748, 1527873748, 3);

--
-- Indexes for dumped tables
--

--
-- Indexes for table `bon`
--
ALTER TABLE `bon`
  ADD PRIMARY KEY (`id_bon`);

--
-- Indexes for table `bus`
--
ALTER TABLE `bus`
  ADD PRIMARY KEY (`id_bus`);

--
-- Indexes for table `gaji`
--
ALTER TABLE `gaji`
  ADD PRIMARY KEY (`id_gaji`);

--
-- Indexes for table `hutang`
--
ALTER TABLE `hutang`
  ADD PRIMARY KEY (`id_hutang`);

--
-- Indexes for table `izin`
--
ALTER TABLE `izin`
  ADD PRIMARY KEY (`id_izin`);

--
-- Indexes for table `jabatan`
--
ALTER TABLE `jabatan`
  ADD PRIMARY KEY (`id_jabatan`);

--
-- Indexes for table `jadwal_bus`
--
ALTER TABLE `jadwal_bus`
  ADD PRIMARY KEY (`id_jadwal`);

--
-- Indexes for table `jurusan`
--
ALTER TABLE `jurusan`
  ADD PRIMARY KEY (`id_jurusan`);

--
-- Indexes for table `karcis`
--
ALTER TABLE `karcis`
  ADD PRIMARY KEY (`id_karcis`);

--
-- Indexes for table `komplain`
--
ALTER TABLE `komplain`
  ADD PRIMARY KEY (`id_komplain`);

--
-- Indexes for table `libur`
--
ALTER TABLE `libur`
  ADD PRIMARY KEY (`id_libur`);

--
-- Indexes for table `migration`
--
ALTER TABLE `migration`
  ADD PRIMARY KEY (`version`);

--
-- Indexes for table `pegawai`
--
ALTER TABLE `pegawai`
  ADD PRIMARY KEY (`id_pegawai`);

--
-- Indexes for table `pengeluaran`
--
ALTER TABLE `pengeluaran`
  ADD PRIMARY KEY (`id_pengeluaran`);

--
-- Indexes for table `setor`
--
ALTER TABLE `setor`
  ADD PRIMARY KEY (`id_setor`);

--
-- Indexes for table `setoran`
--
ALTER TABLE `setoran`
  ADD PRIMARY KEY (`id_setoran`);

--
-- Indexes for table `stok`
--
ALTER TABLE `stok`
  ADD PRIMARY KEY (`id_stok`);

--
-- Indexes for table `terminal`
--
ALTER TABLE `terminal`
  ADD PRIMARY KEY (`id_terminal`);

--
-- Indexes for table `tilangan`
--
ALTER TABLE `tilangan`
  ADD PRIMARY KEY (`id_tilangan`);

--
-- Indexes for table `tpr`
--
ALTER TABLE `tpr`
  ADD PRIMARY KEY (`id_tpr`);

--
-- Indexes for table `user`
--
ALTER TABLE `user`
  ADD PRIMARY KEY (`id`),
  ADD UNIQUE KEY `username` (`username`),
  ADD UNIQUE KEY `email` (`email`),
  ADD UNIQUE KEY `password_reset_token` (`password_reset_token`);

--
-- AUTO_INCREMENT for dumped tables
--

--
-- AUTO_INCREMENT for table `bon`
--
ALTER TABLE `bon`
  MODIFY `id_bon` int(11) NOT NULL AUTO_INCREMENT;
--
-- AUTO_INCREMENT for table `bus`
--
ALTER TABLE `bus`
  MODIFY `id_bus` int(11) NOT NULL AUTO_INCREMENT, AUTO_INCREMENT=87;
--
-- AUTO_INCREMENT for table `gaji`
--
ALTER TABLE `gaji`
  MODIFY `id_gaji` int(10) NOT NULL AUTO_INCREMENT, AUTO_INCREMENT=3;
--
-- AUTO_INCREMENT for table `hutang`
--
ALTER TABLE `hutang`
  MODIFY `id_hutang` int(10) NOT NULL AUTO_INCREMENT, AUTO_INCREMENT=3;
--
-- AUTO_INCREMENT for table `izin`
--
ALTER TABLE `izin`
  MODIFY `id_izin` int(10) NOT NULL AUTO_INCREMENT, AUTO_INCREMENT=7;
--
-- AUTO_INCREMENT for table `jabatan`
--
ALTER TABLE `jabatan`
  MODIFY `id_jabatan` int(10) NOT NULL AUTO_INCREMENT, AUTO_INCREMENT=3;
--
-- AUTO_INCREMENT for table `jadwal_bus`
--
ALTER TABLE `jadwal_bus`
  MODIFY `id_jadwal` int(11) NOT NULL AUTO_INCREMENT, AUTO_INCREMENT=2414;
--
-- AUTO_INCREMENT for table `jurusan`
--
ALTER TABLE `jurusan`
  MODIFY `id_jurusan` int(10) NOT NULL AUTO_INCREMENT, AUTO_INCREMENT=6;
--
-- AUTO_INCREMENT for table `karcis`
--
ALTER TABLE `karcis`
  MODIFY `id_karcis` int(10) NOT NULL AUTO_INCREMENT, AUTO_INCREMENT=259;
--
-- AUTO_INCREMENT for table `komplain`
--
ALTER TABLE `komplain`
  MODIFY `id_komplain` int(10) NOT NULL AUTO_INCREMENT, AUTO_INCREMENT=3;
--
-- AUTO_INCREMENT for table `libur`
--
ALTER TABLE `libur`
  MODIFY `id_libur` int(11) NOT NULL AUTO_INCREMENT;
--
-- AUTO_INCREMENT for table `pegawai`
--
ALTER TABLE `pegawai`
  MODIFY `id_pegawai` int(11) NOT NULL AUTO_INCREMENT, AUTO_INCREMENT=138;
--
-- AUTO_INCREMENT for table `pengeluaran`
--
ALTER TABLE `pengeluaran`
  MODIFY `id_pengeluaran` int(11) NOT NULL AUTO_INCREMENT;
--
-- AUTO_INCREMENT for table `setor`
--
ALTER TABLE `setor`
  MODIFY `id_setor` int(11) NOT NULL AUTO_INCREMENT;
--
-- AUTO_INCREMENT for table `setoran`
--
ALTER TABLE `setoran`
  MODIFY `id_setoran` int(10) NOT NULL AUTO_INCREMENT, AUTO_INCREMENT=87;
--
-- AUTO_INCREMENT for table `stok`
--
ALTER TABLE `stok`
  MODIFY `id_stok` int(10) NOT NULL AUTO_INCREMENT, AUTO_INCREMENT=72;
--
-- AUTO_INCREMENT for table `terminal`
--
ALTER TABLE `terminal`
  MODIFY `id_terminal` int(11) NOT NULL AUTO_INCREMENT, AUTO_INCREMENT=8;
--
-- AUTO_INCREMENT for table `tilangan`
--
ALTER TABLE `tilangan`
  MODIFY `id_tilangan` int(10) NOT NULL AUTO_INCREMENT, AUTO_INCREMENT=2;
--
-- AUTO_INCREMENT for table `tpr`
--
ALTER TABLE `tpr`
  MODIFY `id_tpr` int(11) NOT NULL AUTO_INCREMENT, AUTO_INCREMENT=3;
--
-- AUTO_INCREMENT for table `user`
--
ALTER TABLE `user`
  MODIFY `id` int(11) NOT NULL AUTO_INCREMENT, AUTO_INCREMENT=11;
/*!40101 SET CHARACTER_SET_CLIENT=@OLD_CHARACTER_SET_CLIENT */;
/*!40101 SET CHARACTER_SET_RESULTS=@OLD_CHARACTER_SET_RESULTS */;
/*!40101 SET COLLATION_CONNECTION=@OLD_COLLATION_CONNECTION */;
