-- phpMyAdmin SQL Dump
-- version 4.6.5.2
-- https://www.phpmyadmin.net/
--
-- Host: 127.0.0.1
-- Generation Time: 04 Agu 2018 pada 16.05
-- Versi Server: 10.1.21-MariaDB
-- PHP Version: 7.0.15

SET SQL_MODE = "NO_AUTO_VALUE_ON_ZERO";
SET time_zone = "+00:00";


/*!40101 SET @OLD_CHARACTER_SET_CLIENT=@@CHARACTER_SET_CLIENT */;
/*!40101 SET @OLD_CHARACTER_SET_RESULTS=@@CHARACTER_SET_RESULTS */;
/*!40101 SET @OLD_COLLATION_CONNECTION=@@COLLATION_CONNECTION */;
/*!40101 SET NAMES utf8mb4 */;

--
-- Database: `cobayii`
--

-- --------------------------------------------------------

--
-- Struktur dari tabel `bon`
--

CREATE TABLE `bon` (
  `id_bon` int(11) NOT NULL,
  `id_pegawai` int(11) NOT NULL,
  `tgl` date NOT NULL,
  `nominal` float NOT NULL,
  `tipe` int(11) NOT NULL
) ENGINE=InnoDB DEFAULT CHARSET=latin1;

-- --------------------------------------------------------

--
-- Struktur dari tabel `bus`
--

CREATE TABLE `bus` (
  `id_bus` int(11) NOT NULL,
  `no_polisi` varchar(10) NOT NULL,
  `jam_operasional` varchar(10) NOT NULL,
  `id_jurusan` int(20) NOT NULL,
  `status` int(1) NOT NULL DEFAULT '1' COMMENT '1=pagi,2=malam',
  `id_karcis` int(11) NOT NULL
) ENGINE=InnoDB DEFAULT CHARSET=latin1;

--
-- Dumping data untuk tabel `bus`
--

INSERT INTO `bus` (`id_bus`, `no_polisi`, `jam_operasional`, `id_jurusan`, `status`, `id_karcis`) VALUES
(1, 'S 7005 US', '0:50:00', 1, 1, 1),
(2, 'S 7351 US', '1:17:00', 2, 1, 2),
(3, 'S 7296 US', '2:00:00', 3, 1, 3),
(4, 'S 7537 US', '3:00:00', 1, 1, 4),
(5, 'S 7250 US', '3:30:00', 3, 1, 5),
(6, 'S 7333 US', '4:00:00', 2, 1, 6),
(7, 'S 7352 US', '4:23:00', 1, 1, 7),
(8, 'S 7509 US', '5:02:00', 1, 1, 8),
(9, 'S 7538 US', '5:15:00', 3, 1, 9),
(10, 'S 7357 US', '5:30:00', 1, 1, 10),
(11, 'S 7332 US', '5:50:00', 3, 1, 11),
(12, 'S 7523 US', '6:05:00', 2, 1, 12),
(13, 'S 7366 US', '6:20:00', 1, 1, 13),
(14, 'S 7006 US', '6:33:00', 3, 1, 14),
(15, 'S 7535 US', '7:00:00', 1, 1, 15),
(16, 'S 7501 US', '7:15:00', 3, 1, 16),
(17, 'S 7512 US', '7:30:00', 1, 1, 17),
(18, 'S 7355 US', '7:40:00', 3, 1, 18),
(19, 'S 7338 US', '8:00:00', 1, 1, 19),
(20, 'S 7511 US', '8:15:00', 2, 1, 20),
(21, 'S 7155 US', '8:30:00', 3, 1, 21),
(22, 'S 7561 US', '8:45:00', 1, 1, 22),
(23, 'S 7522 US', '9:00:00', 1, 1, 23),
(24, 'S 7353 US', '9:15:00', 1, 1, 24),
(25, 'S 7500 US', '9:25:00', 2, 1, 25),
(26, 'S 7053 US', '9:40:00', 3, 1, 26),
(27, 'S 7808 US', '10:00:00', 3, 1, 27),
(28, 'S 7806 US', '10:15:00', 1, 1, 28),
(29, 'S 7328 US', '10:30:00', 3, 1, 29),
(30, 'S 7358 US', '10:45:00', 2, 1, 30),
(31, 'S 7151 US', '11:02:00', 3, 1, 31),
(32, 'S 7123 US', '11:20:00', 3, 1, 32),
(33, 'S 7036 US', '12:00:00', 3, 1, 33),
(34, 'S 7132 US', '12:15:00', 3, 1, 34),
(35, 'S 7035 US', '12:30:00', 3, 1, 35),
(36, 'S 7198 US', '12:50:00', 3, 1, 36),
(37, 'S 7050 US', '13:05:00', 3, 1, 37),
(38, 'S 7367 US', '13:45:00', 2, 2, 38),
(39, 'S 7136 US', '14:00:00', 3, 2, 39),
(40, 'S 7517 US', '14:15:00', 2, 2, 40),
(41, 'S 7239 US', '14:30:00', 3, 2, 41),
(42, 'S 7133 US', '15:30:00', 3, 2, 42),
(43, 'S 7153 US', '15:45:00', 3, 2, 43),
(44, 'S 7150 US', '16:00:00', 3, 2, 44),
(45, 'S 7009 US', '16:30:00', 3, 2, 45),
(46, 'S 7251 US', '16:50:00', 3, 2, 46),
(47, 'S 7135 US', '17:00:00', 3, 2, 47),
(48, 'S 7560 US', '17:20:00', 1, 2, 48),
(49, 'S 7339 US', '17:40:00', 2, 2, 49),
(50, 'S 7508 US', '18:00:00', 1, 2, 50),
(51, 'S 7329 US', '18:15:00', 3, 2, 51),
(52, 'S 7368 US', '18:30:00', 3, 2, 52),
(53, 'S 7360 US', '18:45:00', 1, 2, 53),
(54, 'S 7356 US', '19:00:00', 1, 2, 54),
(55, 'S 7152 US', '19:15:00', 1, 2, 55),
(56, 'S 7503 US', '19:30:00', 2, 2, 56),
(57, 'S 7518 US', '19:45:00', 1, 2, 57),
(58, 'S 7369 US', '20:00:00', 1, 2, 58),
(59, 'S 7233 US', '20:09:00', 3, 2, 59),
(60, 'S 7331 US', '20:18:00', 1, 2, 60),
(61, 'S 7502 US', '20:30:00', 2, 2, 61),
(62, 'S 7539 US', '20:45:00', 1, 2, 62),
(63, 'S 7510 US', '21:00:00', 1, 2, 63),
(64, 'S 7519 US', '21:15:00', 1, 2, 64),
(65, 'S 7359 US', '21:30:00', 1, 2, 65),
(66, 'S 7505 US', '21:48:00', 2, 2, 66),
(67, 'S 7520 US', '22:00:00', 1, 2, 67),
(68, 'S 7003 US', '22:09:00', 3, 2, 68),
(69, 'S 7337 US', '22:18:00', 1, 2, 69),
(70, 'S 7515 US', '22:30:00', 3, 2, 70),
(71, 'S 7536 US', '22:45:00', 1, 2, 71),
(72, 'S 7365 US', '23:18:00', 2, 2, 68),
(73, 'S 7506 US', '23:30:00', 3, 2, 69),
(74, 'S 7513 US', '23:45:00', 1, 2, 70),
(75, 'S 7297 US', '0:15:00', 3, 2, 71);

-- --------------------------------------------------------

--
-- Struktur dari tabel `history`
--

CREATE TABLE `history` (
  `id` int(11) NOT NULL,
  `id_bus` int(11) NOT NULL,
  `no_polisi` varchar(20) NOT NULL,
  `jam_operasional` varchar(20) NOT NULL,
  `id_jurusan` int(11) NOT NULL,
  `status` int(1) NOT NULL DEFAULT '1',
  `id_karcis` int(11) NOT NULL
) ENGINE=InnoDB DEFAULT CHARSET=latin1;

-- --------------------------------------------------------

--
-- Struktur dari tabel `izin`
--

CREATE TABLE `izin` (
  `id_izin` int(10) NOT NULL,
  `tgl_izin` date NOT NULL,
  `jenis_izin` varchar(20) NOT NULL,
  `id_pegawai` int(20) NOT NULL
) ENGINE=InnoDB DEFAULT CHARSET=latin1;

--
-- Dumping data untuk tabel `izin`
--

INSERT INTO `izin` (`id_izin`, `tgl_izin`, `jenis_izin`, `id_pegawai`) VALUES
(1, '2018-07-21', 'sakit', 1),
(2, '2018-07-22', 'sakit', 1),
(3, '2018-07-23', 'sakit', 1);

-- --------------------------------------------------------

--
-- Struktur dari tabel `jabatan`
--

CREATE TABLE `jabatan` (
  `id_jabatan` int(10) NOT NULL,
  `jenis_jabatan` varchar(20) NOT NULL
) ENGINE=InnoDB DEFAULT CHARSET=latin1;

--
-- Dumping data untuk tabel `jabatan`
--

INSERT INTO `jabatan` (`id_jabatan`, `jenis_jabatan`) VALUES
(1, 'sopir'),
(2, 'kondektur');

-- --------------------------------------------------------

--
-- Struktur dari tabel `jadwal_bus`
--

CREATE TABLE `jadwal_bus` (
  `id_jadwal` int(11) NOT NULL,
  `tanggal` date NOT NULL,
  `id_bus` int(10) NOT NULL,
  `id_sopir` int(10) NOT NULL,
  `id_kondektur` int(10) NOT NULL,
  `pergi_awal` int(11) NOT NULL,
  `pergi_akhir` int(11) NOT NULL,
  `pulang_awal` int(11) NOT NULL,
  `pulang_akhir` int(11) NOT NULL
) ENGINE=InnoDB DEFAULT CHARSET=latin1;

--
-- Dumping data untuk tabel `jadwal_bus`
--

INSERT INTO `jadwal_bus` (`id_jadwal`, `tanggal`, `id_bus`, `id_sopir`, `id_kondektur`, `pergi_awal`, `pergi_akhir`, `pulang_awal`, `pulang_akhir`) VALUES
(1, '2018-07-25', 1, 16, 176, 0, 0, 0, 0),
(2, '2018-07-25', 2, 105, 295, 0, 0, 0, 0),
(3, '2018-07-25', 3, 90, 202, 0, 0, 0, 0),
(4, '2018-07-25', 4, 39, 245, 0, 0, 0, 0),
(5, '2018-07-25', 5, 119, 233, 0, 0, 0, 0),
(6, '2018-07-25', 6, 109, 287, 0, 0, 0, 0),
(7, '2018-07-25', 7, 45, 228, 0, 0, 0, 0),
(8, '2018-07-25', 8, 3, 259, 0, 0, 0, 0),
(9, '2018-07-25', 9, 71, 241, 0, 0, 0, 0),
(10, '2018-07-25', 10, 133, 236, 0, 0, 0, 0),
(11, '2018-07-25', 11, 44, 189, 0, 0, 0, 0),
(12, '2018-07-25', 12, 125, 266, 0, 0, 0, 0),
(13, '2018-07-25', 13, 140, 258, 0, 0, 0, 0),
(14, '2018-07-25', 14, 81, 276, 0, 0, 0, 0),
(15, '2018-07-25', 15, 104, 237, 0, 0, 0, 0),
(16, '2018-07-25', 16, 126, 201, 0, 0, 0, 0),
(17, '2018-07-25', 17, 100, 286, 0, 0, 0, 0),
(18, '2018-07-25', 18, 4, 188, 0, 0, 0, 0),
(19, '2018-07-25', 19, 66, 215, 0, 0, 0, 0),
(20, '2018-07-25', 20, 118, 160, 0, 0, 0, 0),
(21, '2018-07-25', 21, 64, 167, 0, 0, 0, 0),
(22, '2018-07-25', 22, 52, 212, 0, 0, 0, 0),
(23, '2018-07-25', 23, 143, 224, 0, 0, 0, 0),
(24, '2018-07-25', 24, 9, 185, 0, 0, 0, 0),
(25, '2018-07-25', 25, 113, 267, 0, 0, 0, 0),
(26, '2018-07-25', 26, 93, 187, 0, 0, 0, 0),
(27, '2018-07-25', 27, 128, 242, 0, 0, 0, 0),
(28, '2018-07-25', 28, 77, 221, 0, 0, 0, 0),
(29, '2018-07-25', 29, 60, 246, 0, 0, 0, 0),
(30, '2018-07-25', 30, 87, 168, 0, 0, 0, 0),
(31, '2018-07-25', 31, 96, 270, 0, 0, 0, 0),
(32, '2018-07-25', 32, 68, 255, 0, 0, 0, 0),
(33, '2018-07-25', 33, 150, 171, 0, 0, 0, 0),
(34, '2018-07-25', 34, 7, 172, 0, 0, 0, 0),
(35, '2018-07-25', 35, 58, 154, 0, 0, 0, 0),
(36, '2018-07-25', 36, 30, 175, 0, 0, 0, 0),
(37, '2018-07-25', 37, 22, 155, 0, 0, 0, 0),
(38, '2018-07-25', 38, 145, 291, 0, 0, 0, 0),
(39, '2018-07-25', 39, 148, 219, 0, 0, 0, 0),
(40, '2018-07-25', 40, 74, 200, 0, 0, 0, 0),
(41, '2018-07-25', 41, 152, 198, 0, 0, 0, 0),
(42, '2018-07-25', 42, 84, 182, 0, 0, 0, 0),
(43, '2018-07-25', 43, 99, 156, 0, 0, 0, 0),
(44, '2018-07-25', 44, 50, 173, 0, 0, 0, 0),
(45, '2018-07-25', 45, 14, 206, 0, 0, 0, 0),
(46, '2018-07-25', 46, 63, 204, 0, 0, 0, 0),
(47, '2018-07-25', 47, 91, 268, 0, 0, 0, 0),
(48, '2018-07-25', 48, 35, 192, 0, 0, 0, 0),
(49, '2018-07-25', 49, 62, 278, 0, 0, 0, 0),
(50, '2018-07-25', 50, 80, 232, 0, 0, 0, 0),
(51, '2018-07-25', 51, 56, 196, 0, 0, 0, 0),
(52, '2018-07-25', 52, 151, 184, 0, 0, 0, 0),
(53, '2018-07-25', 53, 1, 239, 0, 0, 0, 0),
(54, '2018-07-25', 54, 82, 183, 0, 0, 0, 0),
(55, '2018-07-25', 55, 115, 170, 0, 0, 0, 0),
(56, '2018-07-25', 56, 20, 298, 0, 0, 0, 0),
(57, '2018-07-25', 57, 142, 205, 0, 0, 0, 0),
(58, '2018-07-25', 58, 79, 169, 0, 0, 0, 0),
(59, '2018-07-25', 59, 36, 165, 0, 0, 0, 0),
(60, '2018-07-25', 60, 26, 181, 0, 0, 0, 0),
(61, '2018-07-25', 61, 6, 179, 0, 0, 0, 0),
(62, '2018-07-25', 62, 107, 194, 0, 0, 0, 0),
(63, '2018-07-25', 63, 139, 273, 0, 0, 0, 0),
(64, '2018-07-25', 64, 97, 203, 0, 0, 0, 0),
(65, '2018-07-25', 65, 120, 289, 0, 0, 0, 0),
(66, '2018-07-25', 66, 72, 214, 0, 0, 0, 0),
(67, '2018-07-25', 67, 134, 227, 0, 0, 0, 0),
(68, '2018-07-25', 68, 29, 253, 0, 0, 0, 0),
(69, '2018-07-25', 69, 136, 220, 0, 0, 0, 0),
(70, '2018-07-25', 70, 38, 302, 0, 0, 0, 0),
(71, '2018-07-25', 71, 106, 288, 0, 0, 0, 0),
(72, '2018-07-25', 72, 95, 161, 0, 0, 0, 0),
(73, '2018-07-25', 73, 124, 222, 0, 0, 0, 0),
(74, '2018-07-25', 74, 116, 230, 0, 0, 0, 0),
(75, '2018-07-25', 75, 27, 158, 0, 0, 0, 0),
(76, '2018-07-26', 1, 116, 196, 0, 0, 0, 0),
(77, '2018-07-26', 2, 145, 203, 0, 0, 0, 0),
(78, '2018-07-26', 3, 74, 278, 0, 0, 0, 0),
(79, '2018-07-26', 4, 72, 169, 0, 0, 0, 0),
(80, '2018-07-26', 5, 80, 291, 0, 0, 0, 0),
(81, '2018-07-26', 6, 142, 227, 0, 0, 0, 0),
(82, '2018-07-26', 7, 29, 184, 0, 0, 0, 0),
(83, '2018-07-26', 8, 20, 232, 0, 0, 0, 0),
(84, '2018-07-26', 9, 134, 298, 0, 0, 0, 0),
(85, '2018-07-26', 10, 151, 182, 0, 0, 0, 0),
(86, '2018-07-26', 11, 35, 273, 0, 0, 0, 0),
(87, '2018-07-26', 12, 1, 205, 0, 0, 0, 0),
(88, '2018-07-26', 13, 106, 192, 0, 0, 0, 0),
(89, '2018-07-26', 14, 115, 253, 0, 0, 0, 0),
(90, '2018-07-26', 15, 56, 219, 0, 0, 0, 0),
(91, '2018-07-26', 16, 124, 170, 0, 0, 0, 0),
(92, '2018-07-26', 17, 27, 200, 0, 0, 0, 0),
(93, '2018-07-26', 18, 107, 239, 0, 0, 0, 0),
(94, '2018-07-26', 19, 139, 198, 0, 0, 0, 0),
(95, '2018-07-26', 20, 62, 181, 0, 0, 0, 0),
(96, '2018-07-26', 21, 136, 220, 0, 0, 0, 0),
(97, '2018-07-26', 22, 152, 289, 0, 0, 0, 0),
(98, '2018-07-26', 23, 6, 302, 0, 0, 0, 0),
(99, '2018-07-26', 24, 91, 222, 0, 0, 0, 0),
(100, '2018-07-26', 25, 50, 268, 0, 0, 0, 0),
(101, '2018-07-26', 26, 36, 165, 0, 0, 0, 0),
(102, '2018-07-26', 27, 97, 206, 0, 0, 0, 0),
(103, '2018-07-26', 28, 148, 173, 0, 0, 0, 0),
(104, '2018-07-26', 29, 79, 158, 0, 0, 0, 0),
(105, '2018-07-26', 30, 82, 214, 0, 0, 0, 0),
(106, '2018-07-26', 31, 63, 194, 0, 0, 0, 0),
(107, '2018-07-26', 32, 38, 183, 0, 0, 0, 0),
(108, '2018-07-26', 33, 120, 230, 0, 0, 0, 0),
(109, '2018-07-26', 34, 26, 161, 0, 0, 0, 0),
(110, '2018-07-26', 35, 99, 179, 0, 0, 0, 0),
(111, '2018-07-26', 36, 84, 204, 0, 0, 0, 0),
(112, '2018-07-26', 37, 14, 156, 0, 0, 0, 0),
(113, '2018-07-26', 38, 150, 175, 0, 0, 0, 0),
(114, '2018-07-26', 39, 7, 255, 0, 0, 0, 0),
(115, '2018-07-26', 40, 128, 270, 0, 0, 0, 0),
(116, '2018-07-26', 41, 44, 267, 0, 0, 0, 0),
(117, '2018-07-26', 42, 143, 202, 0, 0, 0, 0),
(118, '2018-07-26', 43, 58, 245, 0, 0, 0, 0),
(119, '2018-07-26', 44, 126, 237, 0, 0, 0, 0),
(120, '2018-07-26', 45, 39, 172, 0, 0, 0, 0),
(121, '2018-07-26', 46, 119, 228, 0, 0, 0, 0),
(122, '2018-07-26', 47, 140, 201, 0, 0, 0, 0),
(123, '2018-07-26', 48, 96, 276, 0, 0, 0, 0),
(124, '2018-07-26', 49, 52, 212, 0, 0, 0, 0),
(125, '2018-07-26', 50, 105, 189, 0, 0, 0, 0),
(126, '2018-07-26', 51, 71, 259, 0, 0, 0, 0),
(127, '2018-07-26', 52, 22, 287, 0, 0, 0, 0),
(128, '2018-07-26', 53, 66, 221, 0, 0, 0, 0),
(129, '2018-07-26', 54, 45, 160, 0, 0, 0, 0),
(130, '2018-07-26', 55, 109, 171, 0, 0, 0, 0),
(131, '2018-07-26', 56, 113, 233, 0, 0, 0, 0),
(132, '2018-07-26', 57, 64, 185, 0, 0, 0, 0),
(133, '2018-07-26', 58, 104, 167, 0, 0, 0, 0),
(134, '2018-07-26', 59, 68, 154, 0, 0, 0, 0),
(135, '2018-07-26', 60, 77, 247, 0, 0, 0, 0),
(136, '2018-07-26', 61, 60, 246, 0, 0, 0, 0),
(137, '2018-07-26', 62, 112, 215, 0, 0, 0, 0),
(138, '2018-07-26', 63, 9, 266, 0, 0, 0, 0),
(139, '2018-07-26', 64, 125, 187, 0, 0, 0, 0),
(140, '2018-07-26', 65, 87, 155, 0, 0, 0, 0),
(141, '2018-07-26', 66, 30, 168, 0, 0, 0, 0),
(142, '2018-07-26', 67, 81, 258, 0, 0, 0, 0),
(143, '2018-07-26', 68, 118, 295, 0, 0, 0, 0),
(144, '2018-07-26', 69, 133, 241, 0, 0, 0, 0),
(145, '2018-07-26', 70, 100, 236, 0, 0, 0, 0),
(146, '2018-07-26', 71, 90, 242, 0, 0, 0, 0),
(147, '2018-07-26', 72, 4, 188, 0, 0, 0, 0),
(148, '2018-07-26', 73, 3, 224, 0, 0, 0, 0),
(149, '2018-07-26', 74, 93, 286, 0, 0, 0, 0),
(150, '2018-07-26', 75, 95, 288, 0, 0, 0, 0),
(151, '2018-07-27', 1, 150, 175, 0, 0, 0, 0),
(152, '2018-07-27', 2, 7, 255, 0, 0, 0, 0),
(153, '2018-07-27', 3, 128, 270, 0, 0, 0, 0),
(154, '2018-07-27', 4, 44, 267, 0, 0, 0, 0),
(155, '2018-07-27', 5, 143, 202, 0, 0, 0, 0),
(156, '2018-07-27', 6, 58, 245, 0, 0, 0, 0),
(157, '2018-07-27', 7, 126, 237, 0, 0, 0, 0),
(158, '2018-07-27', 8, 39, 172, 0, 0, 0, 0),
(159, '2018-07-27', 9, 119, 228, 0, 0, 0, 0),
(160, '2018-07-27', 10, 140, 201, 0, 0, 0, 0),
(161, '2018-07-27', 11, 96, 276, 0, 0, 0, 0),
(162, '2018-07-27', 12, 52, 212, 0, 0, 0, 0),
(163, '2018-07-27', 13, 105, 189, 0, 0, 0, 0),
(164, '2018-07-27', 14, 71, 259, 0, 0, 0, 0),
(165, '2018-07-27', 15, 22, 287, 0, 0, 0, 0),
(166, '2018-07-27', 16, 66, 221, 0, 0, 0, 0),
(167, '2018-07-27', 17, 45, 160, 0, 0, 0, 0),
(168, '2018-07-27', 18, 109, 171, 0, 0, 0, 0),
(169, '2018-07-27', 19, 113, 233, 0, 0, 0, 0),
(170, '2018-07-27', 20, 64, 185, 0, 0, 0, 0),
(171, '2018-07-27', 21, 104, 167, 0, 0, 0, 0),
(172, '2018-07-27', 22, 68, 154, 0, 0, 0, 0),
(173, '2018-07-27', 23, 77, 247, 0, 0, 0, 0),
(174, '2018-07-27', 24, 60, 246, 0, 0, 0, 0),
(175, '2018-07-27', 25, 112, 215, 0, 0, 0, 0),
(176, '2018-07-27', 26, 9, 266, 0, 0, 0, 0),
(177, '2018-07-27', 27, 125, 187, 0, 0, 0, 0),
(178, '2018-07-27', 28, 87, 155, 0, 0, 0, 0),
(179, '2018-07-27', 29, 30, 168, 0, 0, 0, 0),
(180, '2018-07-27', 30, 81, 258, 0, 0, 0, 0),
(181, '2018-07-27', 31, 118, 295, 0, 0, 0, 0),
(182, '2018-07-27', 32, 133, 241, 0, 0, 0, 0),
(183, '2018-07-27', 33, 100, 236, 0, 0, 0, 0),
(184, '2018-07-27', 34, 90, 242, 0, 0, 0, 0),
(185, '2018-07-27', 35, 4, 188, 0, 0, 0, 0),
(186, '2018-07-27', 36, 3, 224, 0, 0, 0, 0),
(187, '2018-07-27', 37, 93, 286, 0, 0, 0, 0),
(188, '2018-07-27', 38, 116, 196, 0, 0, 0, 0),
(189, '2018-07-27', 39, 145, 203, 0, 0, 0, 0),
(190, '2018-07-27', 40, 74, 278, 0, 0, 0, 0),
(191, '2018-07-27', 41, 72, 169, 0, 0, 0, 0),
(192, '2018-07-27', 42, 80, 291, 0, 0, 0, 0),
(193, '2018-07-27', 43, 142, 227, 0, 0, 0, 0),
(194, '2018-07-27', 44, 29, 184, 0, 0, 0, 0),
(195, '2018-07-27', 45, 20, 232, 0, 0, 0, 0),
(196, '2018-07-27', 46, 134, 298, 0, 0, 0, 0),
(197, '2018-07-27', 47, 151, 182, 0, 0, 0, 0),
(198, '2018-07-27', 48, 35, 273, 0, 0, 0, 0),
(199, '2018-07-27', 49, 1, 205, 0, 0, 0, 0),
(200, '2018-07-27', 50, 106, 192, 0, 0, 0, 0),
(201, '2018-07-27', 51, 115, 253, 0, 0, 0, 0),
(202, '2018-07-27', 52, 56, 219, 0, 0, 0, 0),
(203, '2018-07-27', 53, 124, 170, 0, 0, 0, 0),
(204, '2018-07-27', 54, 27, 200, 0, 0, 0, 0),
(205, '2018-07-27', 55, 107, 239, 0, 0, 0, 0),
(206, '2018-07-27', 56, 139, 198, 0, 0, 0, 0),
(207, '2018-07-27', 57, 62, 181, 0, 0, 0, 0),
(208, '2018-07-27', 58, 136, 220, 0, 0, 0, 0),
(209, '2018-07-27', 59, 152, 289, 0, 0, 0, 0),
(210, '2018-07-27', 60, 6, 302, 0, 0, 0, 0),
(211, '2018-07-27', 61, 91, 222, 0, 0, 0, 0),
(212, '2018-07-27', 62, 50, 268, 0, 0, 0, 0),
(213, '2018-07-27', 63, 36, 165, 0, 0, 0, 0),
(214, '2018-07-27', 64, 97, 206, 0, 0, 0, 0),
(215, '2018-07-27', 65, 148, 173, 0, 0, 0, 0),
(216, '2018-07-27', 66, 79, 158, 0, 0, 0, 0),
(217, '2018-07-27', 67, 82, 214, 0, 0, 0, 0),
(218, '2018-07-27', 68, 63, 194, 0, 0, 0, 0),
(219, '2018-07-27', 69, 38, 183, 0, 0, 0, 0),
(220, '2018-07-27', 70, 120, 230, 0, 0, 0, 0),
(221, '2018-07-27', 71, 26, 161, 0, 0, 0, 0),
(222, '2018-07-27', 72, 99, 179, 0, 0, 0, 0),
(223, '2018-07-27', 73, 84, 204, 0, 0, 0, 0),
(224, '2018-07-27', 74, 14, 156, 0, 0, 0, 0),
(225, '2018-07-27', 75, 95, 288, 0, 0, 0, 0),
(226, '2018-07-28', 1, 1, 198, 0, 0, 0, 0),
(227, '2018-07-28', 2, 116, 184, 0, 0, 0, 0),
(228, '2018-07-28', 3, 29, 203, 0, 0, 0, 0),
(229, '2018-07-28', 4, 6, 182, 0, 0, 0, 0),
(230, '2018-07-28', 5, 115, 302, 0, 0, 0, 0),
(231, '2018-07-28', 6, 151, 161, 0, 0, 0, 0),
(232, '2018-07-28', 7, 27, 173, 0, 0, 0, 0),
(233, '2018-07-28', 8, 38, 214, 0, 0, 0, 0),
(234, '2018-07-28', 9, 142, 200, 0, 0, 0, 0),
(235, '2018-07-28', 10, 97, 204, 0, 0, 0, 0),
(236, '2018-07-28', 11, 56, 253, 0, 0, 0, 0),
(237, '2018-07-28', 12, 148, 227, 0, 0, 0, 0),
(238, '2018-07-28', 13, 35, 288, 0, 0, 0, 0),
(239, '2018-07-28', 14, 134, 232, 0, 0, 0, 0),
(240, '2018-07-28', 15, 152, 291, 0, 0, 0, 0),
(241, '2018-07-28', 16, 63, 278, 0, 0, 0, 0),
(242, '2018-07-28', 17, 50, 158, 0, 0, 0, 0),
(243, '2018-07-28', 18, 95, 273, 0, 0, 0, 0),
(244, '2018-07-28', 19, 145, 289, 0, 0, 0, 0),
(245, '2018-07-28', 20, 26, 194, 0, 0, 0, 0),
(246, '2018-07-28', 21, 99, 165, 0, 0, 0, 0),
(247, '2018-07-28', 22, 120, 169, 0, 0, 0, 0),
(248, '2018-07-28', 23, 74, 183, 0, 0, 0, 0),
(249, '2018-07-28', 24, 20, 239, 0, 0, 0, 0),
(250, '2018-07-28', 25, 82, 268, 0, 0, 0, 0),
(251, '2018-07-28', 26, 139, 298, 0, 0, 0, 0),
(252, '2018-07-28', 27, 84, 170, 0, 0, 0, 0),
(253, '2018-07-28', 28, 136, 205, 0, 0, 0, 0),
(254, '2018-07-28', 29, 14, 156, 0, 0, 0, 0),
(255, '2018-07-28', 30, 72, 220, 0, 0, 0, 0),
(256, '2018-07-28', 31, 107, 230, 0, 0, 0, 0),
(257, '2018-07-28', 32, 124, 181, 0, 0, 0, 0),
(258, '2018-07-28', 33, 62, 222, 0, 0, 0, 0),
(259, '2018-07-28', 34, 36, 219, 0, 0, 0, 0),
(260, '2018-07-28', 35, 79, 192, 0, 0, 0, 0),
(261, '2018-07-28', 36, 106, 206, 0, 0, 0, 0),
(262, '2018-07-28', 37, 91, 179, 0, 0, 0, 0),
(263, '2018-07-28', 38, 112, 188, 0, 0, 0, 0),
(264, '2018-07-28', 39, 126, 236, 0, 0, 0, 0),
(265, '2018-07-28', 40, 22, 259, 0, 0, 0, 0),
(266, '2018-07-28', 41, 143, 168, 0, 0, 0, 0),
(267, '2018-07-28', 42, 150, 215, 0, 0, 0, 0),
(268, '2018-07-28', 43, 81, 187, 0, 0, 0, 0),
(269, '2018-07-28', 44, 125, 266, 0, 0, 0, 0),
(270, '2018-07-28', 45, 4, 287, 0, 0, 0, 0),
(271, '2018-07-28', 46, 128, 242, 0, 0, 0, 0),
(272, '2018-07-28', 47, 68, 185, 0, 0, 0, 0),
(273, '2018-07-28', 48, 30, 267, 0, 0, 0, 0),
(274, '2018-07-28', 49, 7, 221, 0, 0, 0, 0),
(275, '2018-07-28', 50, 119, 258, 0, 0, 0, 0),
(276, '2018-07-28', 51, 9, 155, 0, 0, 0, 0),
(277, '2018-07-28', 52, 104, 175, 0, 0, 0, 0),
(278, '2018-07-28', 53, 113, 167, 0, 0, 0, 0),
(279, '2018-07-28', 54, 133, 255, 0, 0, 0, 0),
(280, '2018-07-28', 55, 44, 246, 0, 0, 0, 0),
(281, '2018-07-28', 56, 39, 270, 0, 0, 0, 0),
(282, '2018-07-28', 57, 77, 201, 0, 0, 0, 0),
(283, '2018-07-28', 58, 96, 154, 0, 0, 0, 0),
(284, '2018-07-28', 59, 66, 276, 0, 0, 0, 0),
(285, '2018-07-28', 60, 100, 247, 0, 0, 0, 0),
(286, '2018-07-28', 61, 52, 228, 0, 0, 0, 0),
(287, '2018-07-28', 62, 140, 295, 0, 0, 0, 0),
(288, '2018-07-28', 63, 93, 189, 0, 0, 0, 0),
(289, '2018-07-28', 64, 109, 286, 0, 0, 0, 0),
(290, '2018-07-28', 65, 58, 171, 0, 0, 0, 0),
(291, '2018-07-28', 66, 87, 233, 0, 0, 0, 0),
(292, '2018-07-28', 67, 90, 202, 0, 0, 0, 0),
(293, '2018-07-28', 68, 3, 224, 0, 0, 0, 0),
(294, '2018-07-28', 69, 64, 237, 0, 0, 0, 0),
(295, '2018-07-28', 70, 118, 160, 0, 0, 0, 0),
(296, '2018-07-28', 71, 71, 245, 0, 0, 0, 0),
(297, '2018-07-28', 72, 105, 212, 0, 0, 0, 0),
(298, '2018-07-28', 73, 45, 241, 0, 0, 0, 0),
(299, '2018-07-28', 74, 60, 172, 0, 0, 0, 0),
(300, '2018-07-28', 75, 80, 196, 0, 0, 0, 0),
(301, '2018-07-29', 1, 112, 188, 0, 0, 0, 0),
(302, '2018-07-29', 2, 126, 236, 0, 0, 0, 0),
(303, '2018-07-29', 3, 22, 259, 0, 0, 0, 0),
(304, '2018-07-29', 4, 143, 168, 0, 0, 0, 0),
(305, '2018-07-29', 5, 150, 215, 0, 0, 0, 0),
(306, '2018-07-29', 6, 81, 187, 0, 0, 0, 0),
(307, '2018-07-29', 7, 125, 266, 0, 0, 0, 0),
(308, '2018-07-29', 8, 4, 287, 0, 0, 0, 0),
(309, '2018-07-29', 9, 128, 242, 0, 0, 0, 0),
(310, '2018-07-29', 10, 68, 185, 0, 0, 0, 0),
(311, '2018-07-29', 11, 30, 267, 0, 0, 0, 0),
(312, '2018-07-29', 12, 7, 221, 0, 0, 0, 0),
(313, '2018-07-29', 13, 119, 258, 0, 0, 0, 0),
(314, '2018-07-29', 14, 9, 155, 0, 0, 0, 0),
(315, '2018-07-29', 15, 104, 175, 0, 0, 0, 0),
(316, '2018-07-29', 16, 113, 167, 0, 0, 0, 0),
(317, '2018-07-29', 17, 133, 255, 0, 0, 0, 0),
(318, '2018-07-29', 18, 44, 246, 0, 0, 0, 0),
(319, '2018-07-29', 19, 39, 270, 0, 0, 0, 0),
(320, '2018-07-29', 20, 77, 201, 0, 0, 0, 0),
(321, '2018-07-29', 21, 96, 154, 0, 0, 0, 0),
(322, '2018-07-29', 22, 66, 276, 0, 0, 0, 0),
(323, '2018-07-29', 23, 100, 247, 0, 0, 0, 0),
(324, '2018-07-29', 24, 52, 228, 0, 0, 0, 0),
(325, '2018-07-29', 25, 140, 295, 0, 0, 0, 0),
(326, '2018-07-29', 26, 93, 189, 0, 0, 0, 0),
(327, '2018-07-29', 27, 109, 286, 0, 0, 0, 0),
(328, '2018-07-29', 28, 58, 171, 0, 0, 0, 0),
(329, '2018-07-29', 29, 87, 233, 0, 0, 0, 0),
(330, '2018-07-29', 30, 90, 202, 0, 0, 0, 0),
(331, '2018-07-29', 31, 3, 224, 0, 0, 0, 0),
(332, '2018-07-29', 32, 64, 237, 0, 0, 0, 0),
(333, '2018-07-29', 33, 118, 160, 0, 0, 0, 0),
(334, '2018-07-29', 34, 71, 245, 0, 0, 0, 0),
(335, '2018-07-29', 35, 105, 212, 0, 0, 0, 0),
(336, '2018-07-29', 36, 45, 241, 0, 0, 0, 0),
(337, '2018-07-29', 37, 60, 172, 0, 0, 0, 0),
(338, '2018-07-29', 38, 1, 198, 0, 0, 0, 0),
(339, '2018-07-29', 39, 116, 184, 0, 0, 0, 0),
(340, '2018-07-29', 40, 29, 203, 0, 0, 0, 0),
(341, '2018-07-29', 41, 6, 182, 0, 0, 0, 0),
(342, '2018-07-29', 42, 115, 302, 0, 0, 0, 0),
(343, '2018-07-29', 43, 151, 161, 0, 0, 0, 0),
(344, '2018-07-29', 44, 27, 173, 0, 0, 0, 0),
(345, '2018-07-29', 45, 38, 214, 0, 0, 0, 0),
(346, '2018-07-29', 46, 142, 200, 0, 0, 0, 0),
(347, '2018-07-29', 47, 97, 204, 0, 0, 0, 0),
(348, '2018-07-29', 48, 56, 253, 0, 0, 0, 0),
(349, '2018-07-29', 49, 148, 227, 0, 0, 0, 0),
(350, '2018-07-29', 50, 35, 288, 0, 0, 0, 0),
(351, '2018-07-29', 51, 134, 232, 0, 0, 0, 0),
(352, '2018-07-29', 52, 152, 291, 0, 0, 0, 0),
(353, '2018-07-29', 53, 63, 278, 0, 0, 0, 0),
(354, '2018-07-29', 54, 50, 158, 0, 0, 0, 0),
(355, '2018-07-29', 55, 95, 273, 0, 0, 0, 0),
(356, '2018-07-29', 56, 145, 289, 0, 0, 0, 0),
(357, '2018-07-29', 57, 26, 194, 0, 0, 0, 0),
(358, '2018-07-29', 58, 99, 165, 0, 0, 0, 0),
(359, '2018-07-29', 59, 120, 169, 0, 0, 0, 0),
(360, '2018-07-29', 60, 74, 183, 0, 0, 0, 0),
(361, '2018-07-29', 61, 20, 239, 0, 0, 0, 0),
(362, '2018-07-29', 62, 82, 268, 0, 0, 0, 0),
(363, '2018-07-29', 63, 139, 298, 0, 0, 0, 0),
(364, '2018-07-29', 64, 84, 170, 0, 0, 0, 0),
(365, '2018-07-29', 65, 136, 205, 0, 0, 0, 0),
(366, '2018-07-29', 66, 14, 156, 0, 0, 0, 0),
(367, '2018-07-29', 67, 72, 220, 0, 0, 0, 0),
(368, '2018-07-29', 68, 107, 230, 0, 0, 0, 0),
(369, '2018-07-29', 69, 124, 181, 0, 0, 0, 0),
(370, '2018-07-29', 70, 62, 222, 0, 0, 0, 0),
(371, '2018-07-29', 71, 36, 219, 0, 0, 0, 0),
(372, '2018-07-29', 72, 79, 192, 0, 0, 0, 0),
(373, '2018-07-29', 73, 106, 206, 0, 0, 0, 0),
(374, '2018-07-29', 74, 91, 179, 0, 0, 0, 0),
(375, '2018-07-29', 75, 80, 196, 0, 0, 0, 0),
(376, '2018-07-30', 1, 28, 197, 0, 0, 0, 0),
(377, '2018-07-30', 2, 116, 184, 0, 0, 0, 0),
(378, '2018-07-30', 3, 29, 203, 0, 0, 0, 0),
(379, '2018-07-30', 4, 6, 182, 0, 0, 0, 0),
(380, '2018-07-30', 5, 115, 302, 0, 0, 0, 0),
(381, '2018-07-30', 6, 151, 161, 0, 0, 0, 0),
(382, '2018-07-30', 7, 27, 173, 0, 0, 0, 0),
(383, '2018-07-30', 8, 38, 214, 0, 0, 0, 0),
(384, '2018-07-30', 9, 142, 200, 0, 0, 0, 0),
(385, '2018-07-30', 10, 97, 204, 0, 0, 0, 0),
(386, '2018-07-30', 11, 56, 253, 0, 0, 0, 0),
(387, '2018-07-30', 12, 148, 227, 0, 0, 0, 0),
(388, '2018-07-30', 13, 35, 288, 0, 0, 0, 0),
(389, '2018-07-30', 14, 134, 232, 0, 0, 0, 0),
(390, '2018-07-30', 15, 152, 291, 0, 0, 0, 0),
(391, '2018-07-30', 16, 63, 278, 0, 0, 0, 0),
(392, '2018-07-30', 17, 50, 158, 0, 0, 0, 0),
(393, '2018-07-30', 18, 95, 273, 0, 0, 0, 0),
(394, '2018-07-30', 19, 145, 289, 0, 0, 0, 0),
(395, '2018-07-30', 20, 26, 194, 0, 0, 0, 0),
(396, '2018-07-30', 21, 99, 165, 0, 0, 0, 0),
(397, '2018-07-30', 22, 120, 169, 0, 0, 0, 0),
(398, '2018-07-30', 23, 74, 183, 0, 0, 0, 0),
(399, '2018-07-30', 24, 20, 239, 0, 0, 0, 0),
(400, '2018-07-30', 25, 82, 268, 0, 0, 0, 0),
(401, '2018-07-30', 26, 139, 298, 0, 0, 0, 0),
(402, '2018-07-30', 27, 84, 170, 0, 0, 0, 0),
(403, '2018-07-30', 28, 136, 205, 0, 0, 0, 0),
(404, '2018-07-30', 29, 14, 156, 0, 0, 0, 0),
(405, '2018-07-30', 30, 72, 220, 0, 0, 0, 0),
(406, '2018-07-30', 31, 107, 230, 0, 0, 0, 0),
(407, '2018-07-30', 32, 124, 181, 0, 0, 0, 0),
(408, '2018-07-30', 33, 62, 222, 0, 0, 0, 0),
(409, '2018-07-30', 34, 36, 219, 0, 0, 0, 0),
(410, '2018-07-30', 35, 79, 192, 0, 0, 0, 0),
(411, '2018-07-30', 36, 106, 206, 0, 0, 0, 0),
(412, '2018-07-30', 37, 91, 179, 0, 0, 0, 0),
(413, '2018-07-30', 38, 112, 188, 0, 0, 0, 0),
(414, '2018-07-30', 39, 126, 236, 0, 0, 0, 0),
(415, '2018-07-30', 40, 22, 259, 0, 0, 0, 0),
(416, '2018-07-30', 41, 143, 168, 0, 0, 0, 0),
(417, '2018-07-30', 42, 150, 215, 0, 0, 0, 0),
(418, '2018-07-30', 43, 81, 187, 0, 0, 0, 0),
(419, '2018-07-30', 44, 125, 266, 0, 0, 0, 0),
(420, '2018-07-30', 45, 4, 287, 0, 0, 0, 0),
(421, '2018-07-30', 46, 128, 242, 0, 0, 0, 0),
(422, '2018-07-30', 47, 68, 185, 0, 0, 0, 0),
(423, '2018-07-30', 48, 30, 267, 0, 0, 0, 0),
(424, '2018-07-30', 49, 7, 221, 0, 0, 0, 0),
(425, '2018-07-30', 50, 119, 258, 0, 0, 0, 0),
(426, '2018-07-30', 51, 9, 155, 0, 0, 0, 0),
(427, '2018-07-30', 52, 104, 175, 0, 0, 0, 0),
(428, '2018-07-30', 53, 113, 167, 0, 0, 0, 0),
(429, '2018-07-30', 54, 133, 255, 0, 0, 0, 0),
(430, '2018-07-30', 55, 44, 246, 0, 0, 0, 0),
(431, '2018-07-30', 56, 39, 270, 0, 0, 0, 0),
(432, '2018-07-30', 57, 77, 201, 0, 0, 0, 0),
(433, '2018-07-30', 58, 96, 154, 0, 0, 0, 0),
(434, '2018-07-30', 59, 66, 276, 0, 0, 0, 0),
(435, '2018-07-30', 60, 100, 247, 0, 0, 0, 0),
(436, '2018-07-30', 61, 52, 228, 0, 0, 0, 0),
(437, '2018-07-30', 62, 140, 295, 0, 0, 0, 0),
(438, '2018-07-30', 63, 93, 189, 0, 0, 0, 0),
(439, '2018-07-30', 64, 109, 286, 0, 0, 0, 0),
(440, '2018-07-30', 65, 58, 171, 0, 0, 0, 0),
(441, '2018-07-30', 66, 87, 233, 0, 0, 0, 0),
(442, '2018-07-30', 67, 90, 202, 0, 0, 0, 0),
(443, '2018-07-30', 68, 3, 224, 0, 0, 0, 0),
(444, '2018-07-30', 69, 64, 237, 0, 0, 0, 0),
(445, '2018-07-30', 70, 118, 160, 0, 0, 0, 0),
(446, '2018-07-30', 71, 71, 245, 0, 0, 0, 0),
(447, '2018-07-30', 72, 105, 212, 0, 0, 0, 0),
(448, '2018-07-30', 73, 45, 241, 0, 0, 0, 0),
(449, '2018-07-30', 74, 60, 172, 0, 0, 0, 0),
(450, '2018-07-30', 75, 80, 196, 0, 0, 0, 0),
(451, '2018-07-31', 1, 112, 188, 0, 0, 0, 0),
(452, '2018-07-31', 2, 126, 236, 0, 0, 0, 0),
(453, '2018-07-31', 3, 22, 259, 0, 0, 0, 0),
(454, '2018-07-31', 4, 143, 168, 0, 0, 0, 0),
(455, '2018-07-31', 5, 150, 215, 0, 0, 0, 0),
(456, '2018-07-31', 6, 81, 187, 0, 0, 0, 0),
(457, '2018-07-31', 7, 125, 266, 0, 0, 0, 0),
(458, '2018-07-31', 8, 4, 287, 0, 0, 0, 0),
(459, '2018-07-31', 9, 128, 242, 0, 0, 0, 0),
(460, '2018-07-31', 10, 68, 185, 0, 0, 0, 0),
(461, '2018-07-31', 11, 30, 267, 0, 0, 0, 0),
(462, '2018-07-31', 12, 7, 221, 0, 0, 0, 0),
(463, '2018-07-31', 13, 119, 258, 0, 0, 0, 0),
(464, '2018-07-31', 14, 9, 155, 0, 0, 0, 0),
(465, '2018-07-31', 15, 104, 175, 0, 0, 0, 0),
(466, '2018-07-31', 16, 113, 167, 0, 0, 0, 0),
(467, '2018-07-31', 17, 133, 255, 0, 0, 0, 0),
(468, '2018-07-31', 18, 44, 246, 0, 0, 0, 0),
(469, '2018-07-31', 19, 39, 270, 0, 0, 0, 0),
(470, '2018-07-31', 20, 77, 201, 0, 0, 0, 0),
(471, '2018-07-31', 21, 96, 154, 0, 0, 0, 0),
(472, '2018-07-31', 22, 66, 276, 0, 0, 0, 0),
(473, '2018-07-31', 23, 100, 247, 0, 0, 0, 0),
(474, '2018-07-31', 24, 52, 228, 0, 0, 0, 0),
(475, '2018-07-31', 25, 140, 295, 0, 0, 0, 0),
(476, '2018-07-31', 26, 93, 189, 0, 0, 0, 0),
(477, '2018-07-31', 27, 109, 286, 0, 0, 0, 0),
(478, '2018-07-31', 28, 58, 171, 0, 0, 0, 0),
(479, '2018-07-31', 29, 87, 233, 0, 0, 0, 0),
(480, '2018-07-31', 30, 90, 202, 0, 0, 0, 0),
(481, '2018-07-31', 31, 3, 224, 0, 0, 0, 0),
(482, '2018-07-31', 32, 64, 237, 0, 0, 0, 0),
(483, '2018-07-31', 33, 118, 160, 0, 0, 0, 0),
(484, '2018-07-31', 34, 71, 245, 0, 0, 0, 0),
(485, '2018-07-31', 35, 105, 212, 0, 0, 0, 0),
(486, '2018-07-31', 36, 45, 241, 0, 0, 0, 0),
(487, '2018-07-31', 37, 60, 172, 0, 0, 0, 0),
(488, '2018-07-31', 38, 1, 198, 0, 0, 0, 0),
(489, '2018-07-31', 39, 116, 184, 0, 0, 0, 0),
(490, '2018-07-31', 40, 29, 203, 0, 0, 0, 0),
(491, '2018-07-31', 41, 6, 182, 0, 0, 0, 0),
(492, '2018-07-31', 42, 115, 302, 0, 0, 0, 0),
(493, '2018-07-31', 43, 151, 161, 0, 0, 0, 0),
(494, '2018-07-31', 44, 27, 173, 0, 0, 0, 0),
(495, '2018-07-31', 45, 38, 214, 0, 0, 0, 0),
(496, '2018-07-31', 46, 142, 200, 0, 0, 0, 0),
(497, '2018-07-31', 47, 97, 204, 0, 0, 0, 0),
(498, '2018-07-31', 48, 56, 253, 0, 0, 0, 0),
(499, '2018-07-31', 49, 148, 227, 0, 0, 0, 0),
(500, '2018-07-31', 50, 35, 288, 0, 0, 0, 0),
(501, '2018-07-31', 51, 134, 232, 0, 0, 0, 0),
(502, '2018-07-31', 52, 152, 291, 0, 0, 0, 0),
(503, '2018-07-31', 53, 63, 278, 0, 0, 0, 0),
(504, '2018-07-31', 54, 50, 158, 0, 0, 0, 0),
(505, '2018-07-31', 55, 95, 273, 0, 0, 0, 0),
(506, '2018-07-31', 56, 145, 289, 0, 0, 0, 0),
(507, '2018-07-31', 57, 26, 194, 0, 0, 0, 0),
(508, '2018-07-31', 58, 99, 165, 0, 0, 0, 0),
(509, '2018-07-31', 59, 120, 169, 0, 0, 0, 0),
(510, '2018-07-31', 60, 74, 183, 0, 0, 0, 0),
(511, '2018-07-31', 61, 20, 239, 0, 0, 0, 0),
(512, '2018-07-31', 62, 82, 268, 0, 0, 0, 0),
(513, '2018-07-31', 63, 139, 298, 0, 0, 0, 0),
(514, '2018-07-31', 64, 84, 170, 0, 0, 0, 0),
(515, '2018-07-31', 65, 136, 205, 0, 0, 0, 0),
(516, '2018-07-31', 66, 14, 156, 0, 0, 0, 0),
(517, '2018-07-31', 67, 72, 220, 0, 0, 0, 0),
(518, '2018-07-31', 68, 107, 230, 0, 0, 0, 0),
(519, '2018-07-31', 69, 124, 181, 0, 0, 0, 0),
(520, '2018-07-31', 70, 62, 222, 0, 0, 0, 0),
(521, '2018-07-31', 71, 36, 219, 0, 0, 0, 0),
(522, '2018-07-31', 72, 79, 192, 0, 0, 0, 0),
(523, '2018-07-31', 73, 106, 206, 0, 0, 0, 0),
(524, '2018-07-31', 74, 91, 179, 0, 0, 0, 0),
(525, '2018-07-31', 75, 80, 196, 0, 0, 0, 0),
(526, '2018-08-01', 1, 151, 253, 0, 0, 0, 0),
(527, '2018-08-01', 2, 38, 278, 0, 0, 0, 0),
(528, '2018-08-01', 3, 50, 182, 0, 0, 0, 0),
(529, '2018-08-01', 4, 26, 169, 0, 0, 0, 0),
(530, '2018-08-01', 5, 62, 194, 0, 0, 0, 0),
(531, '2018-08-01', 6, 107, 203, 0, 0, 0, 0),
(532, '2018-08-01', 7, 27, 302, 0, 0, 0, 0),
(533, '2018-08-01', 8, 124, 291, 0, 0, 0, 0),
(534, '2018-08-01', 9, 29, 165, 0, 0, 0, 0),
(535, '2018-08-01', 10, 99, 222, 0, 0, 0, 0),
(536, '2018-08-01', 11, 1, 230, 0, 0, 0, 0),
(537, '2018-08-01', 12, 35, 198, 0, 0, 0, 0),
(538, '2018-08-01', 13, 145, 220, 0, 0, 0, 0),
(539, '2018-08-01', 14, 91, 179, 0, 0, 0, 0),
(540, '2018-08-01', 15, 80, 273, 0, 0, 0, 0),
(541, '2018-08-01', 16, 20, 288, 0, 0, 0, 0),
(542, '2018-08-01', 17, 97, 161, 0, 0, 0, 0),
(543, '2018-08-01', 18, 84, 232, 0, 0, 0, 0),
(544, '2018-08-01', 19, 120, 227, 0, 0, 0, 0),
(545, '2018-08-01', 20, 74, 181, 0, 0, 0, 0),
(546, '2018-08-01', 21, 6, 239, 0, 0, 0, 0),
(547, '2018-08-01', 22, 106, 156, 0, 0, 0, 0),
(548, '2018-08-01', 23, 72, 200, 0, 0, 0, 0),
(549, '2018-08-01', 24, 136, 184, 0, 0, 0, 0),
(550, '2018-08-01', 25, 116, 196, 0, 0, 0, 0),
(551, '2018-08-01', 26, 139, 206, 0, 0, 0, 0),
(552, '2018-08-01', 27, 56, 205, 0, 0, 0, 0),
(553, '2018-08-01', 28, 115, 219, 0, 0, 0, 0),
(554, '2018-08-01', 29, 63, 214, 0, 0, 0, 0),
(555, '2018-08-01', 30, 152, 173, 0, 0, 0, 0),
(556, '2018-08-01', 31, 142, 268, 0, 0, 0, 0),
(557, '2018-08-01', 32, 82, 204, 0, 0, 0, 0),
(558, '2018-08-01', 33, 134, 170, 0, 0, 0, 0),
(559, '2018-08-01', 34, 79, 298, 0, 0, 0, 0),
(560, '2018-08-01', 35, 14, 192, 0, 0, 0, 0),
(561, '2018-08-01', 36, 36, 183, 0, 0, 0, 0),
(562, '2018-08-01', 37, 95, 158, 0, 0, 0, 0),
(563, '2018-08-01', 38, 9, 295, 0, 0, 0, 0),
(564, '2018-08-01', 39, 104, 167, 0, 0, 0, 0),
(565, '2018-08-01', 40, 96, 175, 0, 0, 0, 0),
(566, '2018-08-01', 41, 60, 172, 0, 0, 0, 0),
(567, '2018-08-01', 42, 81, 202, 0, 0, 0, 0),
(568, '2018-08-01', 43, 4, 187, 0, 0, 0, 0),
(569, '2018-08-01', 44, 126, 188, 0, 0, 0, 0),
(570, '2018-08-01', 45, 112, 242, 0, 0, 0, 0),
(571, '2018-08-01', 46, 100, 236, 0, 0, 0, 0),
(572, '2018-08-01', 47, 133, 259, 0, 0, 0, 0),
(573, '2018-08-01', 48, 143, 201, 0, 0, 0, 0),
(574, '2018-08-01', 49, 66, 246, 0, 0, 0, 0),
(575, '2018-08-01', 50, 87, 155, 0, 0, 0, 0),
(576, '2018-08-01', 51, 64, 276, 0, 0, 0, 0),
(577, '2018-08-01', 52, 90, 189, 0, 0, 0, 0),
(578, '2018-08-01', 53, 3, 233, 0, 0, 0, 0),
(579, '2018-08-01', 54, 113, 287, 0, 0, 0, 0),
(580, '2018-08-01', 55, 119, 258, 0, 0, 0, 0),
(581, '2018-08-01', 56, 39, 237, 0, 0, 0, 0),
(582, '2018-08-01', 57, 30, 160, 0, 0, 0, 0),
(583, '2018-08-01', 58, 52, 221, 0, 0, 0, 0),
(584, '2018-08-01', 59, 125, 215, 0, 0, 0, 0),
(585, '2018-08-01', 60, 68, 270, 0, 0, 0, 0),
(586, '2018-08-01', 61, 150, 224, 0, 0, 0, 0),
(587, '2018-08-01', 62, 93, 267, 0, 0, 0, 0),
(588, '2018-08-01', 63, 45, 245, 0, 0, 0, 0),
(589, '2018-08-01', 64, 118, 171, 0, 0, 0, 0),
(590, '2018-08-01', 65, 105, 228, 0, 0, 0, 0),
(591, '2018-08-01', 66, 77, 185, 0, 0, 0, 0),
(592, '2018-08-01', 67, 44, 247, 0, 0, 0, 0),
(593, '2018-08-01', 68, 58, 241, 0, 0, 0, 0),
(594, '2018-08-01', 69, 7, 286, 0, 0, 0, 0),
(595, '2018-08-01', 70, 71, 255, 0, 0, 0, 0),
(596, '2018-08-01', 71, 109, 154, 0, 0, 0, 0),
(597, '2018-08-01', 72, 140, 168, 0, 0, 0, 0),
(598, '2018-08-01', 73, 22, 212, 0, 0, 0, 0),
(599, '2018-08-01', 74, 128, 266, 0, 0, 0, 0),
(600, '2018-08-01', 75, 148, 289, 0, 0, 0, 0),
(601, '2018-08-02', 1, 9, 295, 0, 0, 0, 0),
(602, '2018-08-02', 2, 104, 167, 0, 0, 0, 0),
(603, '2018-08-02', 3, 96, 175, 0, 0, 0, 0),
(604, '2018-08-02', 4, 60, 172, 0, 0, 0, 0),
(605, '2018-08-02', 5, 81, 202, 0, 0, 0, 0),
(606, '2018-08-02', 6, 4, 187, 0, 0, 0, 0),
(607, '2018-08-02', 7, 126, 188, 0, 0, 0, 0),
(608, '2018-08-02', 8, 112, 242, 0, 0, 0, 0),
(609, '2018-08-02', 9, 100, 236, 0, 0, 0, 0),
(610, '2018-08-02', 10, 133, 259, 0, 0, 0, 0),
(611, '2018-08-02', 11, 143, 201, 0, 0, 0, 0),
(612, '2018-08-02', 12, 66, 246, 0, 0, 0, 0),
(613, '2018-08-02', 13, 87, 155, 0, 0, 0, 0),
(614, '2018-08-02', 14, 64, 276, 0, 0, 0, 0),
(615, '2018-08-02', 15, 90, 189, 0, 0, 0, 0),
(616, '2018-08-02', 16, 3, 233, 0, 0, 0, 0),
(617, '2018-08-02', 17, 113, 287, 0, 0, 0, 0),
(618, '2018-08-02', 18, 119, 258, 0, 0, 0, 0),
(619, '2018-08-02', 19, 39, 237, 0, 0, 0, 0),
(620, '2018-08-02', 20, 30, 160, 0, 0, 0, 0),
(621, '2018-08-02', 21, 52, 221, 0, 0, 0, 0),
(622, '2018-08-02', 22, 125, 215, 0, 0, 0, 0),
(623, '2018-08-02', 23, 68, 270, 0, 0, 0, 0),
(624, '2018-08-02', 24, 150, 224, 0, 0, 0, 0),
(625, '2018-08-02', 25, 93, 267, 0, 0, 0, 0),
(626, '2018-08-02', 26, 45, 245, 0, 0, 0, 0),
(627, '2018-08-02', 27, 118, 171, 0, 0, 0, 0),
(628, '2018-08-02', 28, 105, 228, 0, 0, 0, 0),
(629, '2018-08-02', 29, 77, 185, 0, 0, 0, 0),
(630, '2018-08-02', 30, 44, 247, 0, 0, 0, 0),
(631, '2018-08-02', 31, 58, 241, 0, 0, 0, 0),
(632, '2018-08-02', 32, 7, 286, 0, 0, 0, 0),
(633, '2018-08-02', 33, 71, 255, 0, 0, 0, 0),
(634, '2018-08-02', 34, 109, 154, 0, 0, 0, 0),
(635, '2018-08-02', 35, 140, 168, 0, 0, 0, 0),
(636, '2018-08-02', 36, 22, 212, 0, 0, 0, 0),
(637, '2018-08-02', 37, 128, 266, 0, 0, 0, 0),
(638, '2018-08-02', 38, 151, 253, 0, 0, 0, 0),
(639, '2018-08-02', 39, 38, 278, 0, 0, 0, 0),
(640, '2018-08-02', 40, 50, 182, 0, 0, 0, 0),
(641, '2018-08-02', 41, 26, 169, 0, 0, 0, 0),
(642, '2018-08-02', 42, 62, 194, 0, 0, 0, 0),
(643, '2018-08-02', 43, 107, 203, 0, 0, 0, 0),
(644, '2018-08-02', 44, 27, 302, 0, 0, 0, 0),
(645, '2018-08-02', 45, 124, 291, 0, 0, 0, 0),
(646, '2018-08-02', 46, 29, 165, 0, 0, 0, 0),
(647, '2018-08-02', 47, 99, 222, 0, 0, 0, 0),
(648, '2018-08-02', 48, 1, 230, 0, 0, 0, 0),
(649, '2018-08-02', 49, 35, 198, 0, 0, 0, 0),
(650, '2018-08-02', 50, 145, 220, 0, 0, 0, 0),
(651, '2018-08-02', 51, 91, 179, 0, 0, 0, 0),
(652, '2018-08-02', 52, 80, 273, 0, 0, 0, 0),
(653, '2018-08-02', 53, 20, 288, 0, 0, 0, 0),
(654, '2018-08-02', 54, 97, 161, 0, 0, 0, 0),
(655, '2018-08-02', 55, 84, 232, 0, 0, 0, 0),
(656, '2018-08-02', 56, 120, 227, 0, 0, 0, 0),
(657, '2018-08-02', 57, 74, 181, 0, 0, 0, 0),
(658, '2018-08-02', 58, 6, 239, 0, 0, 0, 0),
(659, '2018-08-02', 59, 106, 156, 0, 0, 0, 0),
(660, '2018-08-02', 60, 72, 200, 0, 0, 0, 0),
(661, '2018-08-02', 61, 136, 184, 0, 0, 0, 0),
(662, '2018-08-02', 62, 116, 196, 0, 0, 0, 0),
(663, '2018-08-02', 63, 139, 206, 0, 0, 0, 0),
(664, '2018-08-02', 64, 56, 205, 0, 0, 0, 0),
(665, '2018-08-02', 65, 115, 219, 0, 0, 0, 0),
(666, '2018-08-02', 66, 63, 214, 0, 0, 0, 0),
(667, '2018-08-02', 67, 152, 173, 0, 0, 0, 0),
(668, '2018-08-02', 68, 142, 268, 0, 0, 0, 0),
(669, '2018-08-02', 69, 82, 204, 0, 0, 0, 0),
(670, '2018-08-02', 70, 134, 170, 0, 0, 0, 0),
(671, '2018-08-02', 71, 79, 298, 0, 0, 0, 0),
(672, '2018-08-02', 72, 14, 192, 0, 0, 0, 0),
(673, '2018-08-02', 73, 36, 183, 0, 0, 0, 0),
(674, '2018-08-02', 74, 95, 158, 0, 0, 0, 0),
(675, '2018-08-02', 75, 148, 289, 0, 0, 0, 0);

-- --------------------------------------------------------

--
-- Struktur dari tabel `jurusan`
--

CREATE TABLE `jurusan` (
  `id_jurusan` int(10) NOT NULL,
  `jurusan` varchar(20) NOT NULL
) ENGINE=InnoDB DEFAULT CHARSET=latin1;

--
-- Dumping data untuk tabel `jurusan`
--

INSERT INTO `jurusan` (`id_jurusan`, `jurusan`) VALUES
(1, 'Magelang'),
(2, 'Semarang'),
(3, 'Jogja'),
(4, 'Cilacap'),
(5, 'Purwokerto');

-- --------------------------------------------------------

--
-- Struktur dari tabel `karcis`
--

CREATE TABLE `karcis` (
  `id_stok` int(11) NOT NULL,
  `seri` varchar(3) NOT NULL
) ENGINE=InnoDB DEFAULT CHARSET=latin1;

--
-- Dumping data untuk tabel `karcis`
--

INSERT INTO `karcis` (`id_stok`, `seri`) VALUES
(1, 'A'),
(2, 'B'),
(3, 'C'),
(4, 'D'),
(5, 'E'),
(6, 'F'),
(7, 'G'),
(8, 'H'),
(9, 'I'),
(10, 'J'),
(11, 'K'),
(12, 'L'),
(13, 'M'),
(14, 'N'),
(15, 'O'),
(16, 'P'),
(17, 'Q'),
(18, 'R'),
(19, 'S'),
(20, 'T'),
(21, 'U'),
(22, 'V'),
(23, 'W'),
(24, 'X'),
(25, 'Y'),
(26, 'Z'),
(27, 'CA'),
(28, 'CB'),
(29, 'CC'),
(30, 'CD'),
(31, 'CE'),
(32, 'CF'),
(33, 'CG'),
(34, 'CH'),
(35, 'CI'),
(36, 'CJ'),
(37, 'CK'),
(38, 'CL'),
(39, 'CM'),
(40, 'CN'),
(41, 'CO'),
(42, 'CP'),
(43, 'CQ'),
(44, 'CR'),
(45, 'CS'),
(46, 'CT'),
(47, 'CU'),
(48, 'CV'),
(49, 'CW'),
(50, 'CX'),
(51, 'CY'),
(52, 'CZ'),
(53, 'ZA'),
(54, 'CZA'),
(55, 'CZB'),
(56, 'CZC'),
(57, 'CZD'),
(58, 'CZE'),
(59, 'CZF'),
(60, 'CZG'),
(61, 'CZH'),
(62, 'CZI'),
(63, 'CZJ'),
(64, 'CZK'),
(65, 'CZL'),
(66, 'CZM'),
(67, 'CZN'),
(68, 'CZO'),
(69, 'CZP'),
(70, 'CZQ'),
(71, 'CZR');

-- --------------------------------------------------------

--
-- Struktur dari tabel `karcis_setor`
--

CREATE TABLE `karcis_setor` (
  `id_karcis` int(11) NOT NULL,
  `pergi_awal` int(11) NOT NULL,
  `pergi_akhir` int(11) NOT NULL,
  `pulang_awal` int(11) NOT NULL,
  `pulang_akhir` int(11) NOT NULL,
  `id_jadwal` int(11) NOT NULL
) ENGINE=InnoDB DEFAULT CHARSET=latin1;

--
-- Dumping data untuk tabel `karcis_setor`
--

INSERT INTO `karcis_setor` (`id_karcis`, `pergi_awal`, `pergi_akhir`, `pulang_awal`, `pulang_akhir`, `id_jadwal`) VALUES
(1, 0, 0, 0, 0, 1),
(2, 0, 0, 0, 0, 2),
(3, 0, 0, 0, 0, 3),
(4, 0, 0, 0, 0, 4),
(5, 0, 0, 0, 0, 5),
(6, 0, 0, 0, 0, 6),
(7, 0, 0, 0, 0, 7),
(8, 0, 0, 0, 0, 8),
(9, 0, 0, 0, 0, 9),
(10, 0, 0, 0, 0, 10),
(11, 0, 0, 0, 0, 11),
(12, 0, 0, 0, 0, 12),
(13, 0, 0, 0, 0, 13),
(14, 0, 0, 0, 0, 14),
(15, 0, 0, 0, 0, 15),
(16, 0, 0, 0, 0, 16),
(17, 0, 0, 0, 0, 17),
(18, 0, 0, 0, 0, 18),
(19, 0, 0, 0, 0, 19),
(20, 0, 0, 0, 0, 20),
(21, 0, 0, 0, 0, 21),
(22, 0, 0, 0, 0, 22),
(23, 0, 0, 0, 0, 23),
(24, 0, 0, 0, 0, 24),
(25, 0, 0, 0, 0, 25),
(26, 0, 0, 0, 0, 26),
(27, 0, 0, 0, 0, 27),
(28, 0, 0, 0, 0, 28),
(29, 0, 0, 0, 0, 29),
(30, 0, 0, 0, 0, 30),
(31, 0, 0, 0, 0, 31),
(32, 0, 0, 0, 0, 32),
(33, 0, 0, 0, 0, 33),
(34, 0, 0, 0, 0, 34),
(35, 0, 0, 0, 0, 35),
(36, 0, 0, 0, 0, 36),
(37, 0, 0, 0, 0, 37),
(38, 0, 0, 0, 0, 38),
(39, 0, 0, 0, 0, 39),
(40, 0, 0, 0, 0, 40),
(41, 0, 0, 0, 0, 41),
(42, 0, 0, 0, 0, 42),
(43, 0, 0, 0, 0, 43),
(44, 0, 0, 0, 0, 44),
(45, 0, 0, 0, 0, 45),
(46, 0, 0, 0, 0, 46),
(47, 0, 0, 0, 0, 47),
(48, 0, 0, 0, 0, 48),
(49, 0, 0, 0, 0, 49),
(50, 0, 0, 0, 0, 50),
(51, 0, 0, 0, 0, 51),
(52, 0, 0, 0, 0, 52),
(53, 0, 0, 0, 0, 53),
(54, 0, 0, 0, 0, 54),
(55, 0, 0, 0, 0, 55),
(56, 0, 0, 0, 0, 56),
(57, 0, 0, 0, 0, 57),
(58, 0, 0, 0, 0, 58),
(59, 0, 0, 0, 0, 59),
(60, 0, 0, 0, 0, 60),
(61, 0, 0, 0, 0, 61),
(62, 0, 0, 0, 0, 62),
(63, 0, 0, 0, 0, 63),
(64, 0, 0, 0, 0, 64),
(65, 0, 0, 0, 0, 65),
(66, 0, 0, 0, 0, 66),
(67, 0, 0, 0, 0, 67),
(68, 0, 0, 0, 0, 68),
(69, 0, 0, 0, 0, 69),
(70, 0, 0, 0, 0, 70),
(71, 0, 0, 0, 0, 71),
(72, 0, 0, 0, 0, 72),
(73, 0, 0, 0, 0, 73),
(74, 0, 0, 0, 0, 74),
(75, 0, 0, 0, 0, 75),
(76, 1, 100, 1, 100, 76),
(77, 1, 1, 1, 100, 77),
(78, 0, 0, 0, 0, 78),
(79, 0, 0, 0, 0, 79),
(80, 0, 0, 0, 0, 80),
(81, 0, 0, 0, 0, 81),
(82, 0, 0, 0, 0, 82),
(83, 0, 0, 0, 0, 83),
(84, 0, 0, 0, 0, 84),
(85, 0, 0, 0, 0, 85),
(86, 0, 0, 0, 0, 86),
(87, 0, 0, 0, 0, 87),
(88, 0, 0, 0, 0, 88),
(89, 0, 0, 0, 0, 89),
(90, 0, 0, 0, 0, 90),
(91, 0, 0, 0, 0, 91),
(92, 0, 0, 0, 0, 92),
(93, 0, 0, 0, 0, 93),
(94, 0, 0, 0, 0, 94),
(95, 0, 0, 0, 0, 95),
(96, 0, 0, 0, 0, 96),
(97, 0, 0, 0, 0, 97),
(98, 0, 0, 0, 0, 98),
(99, 0, 0, 0, 0, 99),
(100, 0, 0, 0, 0, 100),
(101, 0, 0, 0, 0, 101),
(102, 0, 0, 0, 0, 102),
(103, 0, 0, 0, 0, 103),
(104, 0, 0, 0, 0, 104),
(105, 0, 0, 0, 0, 105),
(106, 0, 0, 0, 0, 106),
(107, 0, 0, 0, 0, 107),
(108, 0, 0, 0, 0, 108),
(109, 0, 0, 0, 0, 109),
(110, 0, 0, 0, 0, 110),
(111, 0, 0, 0, 0, 111),
(112, 0, 0, 0, 0, 112),
(113, 0, 0, 0, 0, 113),
(114, 0, 0, 0, 0, 114),
(115, 0, 0, 0, 0, 115),
(116, 0, 0, 0, 0, 116),
(117, 0, 0, 0, 0, 117),
(118, 0, 0, 0, 0, 118),
(119, 0, 0, 0, 0, 119),
(120, 0, 0, 0, 0, 120),
(121, 0, 0, 0, 0, 121),
(122, 0, 0, 0, 0, 122),
(123, 0, 0, 0, 0, 123),
(124, 0, 0, 0, 0, 124),
(125, 0, 0, 0, 0, 125),
(126, 0, 0, 0, 0, 126),
(127, 0, 0, 0, 0, 127),
(128, 0, 0, 0, 0, 128),
(129, 0, 0, 0, 0, 129),
(130, 0, 0, 0, 0, 130),
(131, 0, 0, 0, 0, 131),
(132, 0, 0, 0, 0, 132),
(133, 0, 0, 0, 0, 133),
(134, 0, 0, 0, 0, 134),
(135, 0, 0, 0, 0, 135),
(136, 0, 0, 0, 0, 136),
(137, 0, 0, 0, 0, 137),
(138, 0, 0, 0, 0, 138),
(139, 0, 0, 0, 0, 139),
(140, 0, 0, 0, 0, 140),
(141, 0, 0, 0, 0, 141),
(142, 0, 0, 0, 0, 142),
(143, 0, 0, 0, 0, 143),
(144, 0, 0, 0, 0, 144),
(145, 0, 0, 0, 0, 145),
(146, 0, 0, 0, 0, 146),
(147, 0, 0, 0, 0, 147),
(148, 0, 0, 0, 0, 148),
(149, 0, 0, 0, 0, 149),
(150, 0, 0, 0, 0, 150);

-- --------------------------------------------------------

--
-- Struktur dari tabel `komplain`
--

CREATE TABLE `komplain` (
  `id_komplain` int(10) NOT NULL,
  `id_jadwal` int(11) NOT NULL,
  `isi_komplain` varchar(20) NOT NULL,
  `tgl_komplain` date NOT NULL
) ENGINE=InnoDB DEFAULT CHARSET=latin1;

--
-- Dumping data untuk tabel `komplain`
--

INSERT INTO `komplain` (`id_komplain`, `id_jadwal`, `isi_komplain`, `tgl_komplain`) VALUES
(3, 1, 'ugal', '2018-05-18'),
(4, 2, 'ugal', '2018-07-24');

-- --------------------------------------------------------

--
-- Struktur dari tabel `libur`
--

CREATE TABLE `libur` (
  `id_libur` int(11) NOT NULL,
  `id_pegawai` int(11) NOT NULL,
  `sampai_kapan` date NOT NULL
) ENGINE=InnoDB DEFAULT CHARSET=latin1;

-- --------------------------------------------------------

--
-- Struktur dari tabel `migration`
--

CREATE TABLE `migration` (
  `version` varchar(180) NOT NULL,
  `apply_time` int(11) DEFAULT NULL
) ENGINE=InnoDB DEFAULT CHARSET=latin1;

--
-- Dumping data untuk tabel `migration`
--

INSERT INTO `migration` (`version`, `apply_time`) VALUES
('m000000_000000_base', 1518604793),
('m130524_201442_init', 1518604800);

-- --------------------------------------------------------

--
-- Struktur dari tabel `pegawai`
--

CREATE TABLE `pegawai` (
  `id_pegawai` int(11) NOT NULL,
  `nama` varchar(20) NOT NULL,
  `no_induk` int(11) NOT NULL,
  `alamat` varchar(100) NOT NULL,
  `no_tlp` varchar(15) NOT NULL,
  `id_jabatan` int(11) NOT NULL,
  `tgl_masuk` date NOT NULL,
  `kota` varchar(20) NOT NULL
) ENGINE=InnoDB DEFAULT CHARSET=latin1;

--
-- Dumping data untuk tabel `pegawai`
--

INSERT INTO `pegawai` (`id_pegawai`, `nama`, `no_induk`, `alamat`, `no_tlp`, `id_jabatan`, `tgl_masuk`, `kota`) VALUES
(1, 'Gatot Hary Suherman', 1366, 'Ds. Gilang 36 Taman', '', 1, '1988-12-29', 'Sidoarjo'),
(2, 'Slamet N', 1405, 'Jl. Cepaka 57', '', 1, '1989-08-30', 'Nganjuk'),
(3, 'Kaseri', 1463, 'Ds. Diwek RT 04 RW 04', '', 1, '1991-01-18', 'Jombang'),
(4, 'Slamet K', 1540, 'Dsn. Kanigoro RT 01 RW 03', '', 1, '1992-03-20', 'Krian'),
(5, 'Winarno', 1575, 'Ds. Ngingas Timur RT 02 RW 07 Krian', '', 1, '1992-06-10', 'Sidoarjo'),
(6, 'Winarko', 1683, 'Gropyok RT 04 RW 03 Tanon Papar', '', 1, '1993-10-31', 'Kediri'),
(7, 'Rochmat', 1710, 'Ds. Kd. Ombo Tj. Anom', '', 1, '1994-08-03', 'Nganjuk'),
(8, 'Kartono', 1765, 'Rangkahlor RT 16 RW 06', '', 1, '1994-12-30', 'Sidoarjo'),
(9, 'Sukarman', 1814, 'Dsn. Kedungbentul RT 01 RW 03 Gudo', '', 1, '1995-08-07', 'Jombang'),
(10, 'M. Sokhib', 1847, 'Banaran RT 02 RW 01 Kandangan', '', 1, '1995-07-10', 'Kediri'),
(11, 'Isya Ansori', 1904, 'Banjarmlati GG 11 RT 04 RW 03', '', 1, '1996-04-19', 'Surabaya'),
(12, 'Sugiarto', 1948, 'Wringinanom RT 12 RW 4 Krembung', '', 1, '1996-08-23', 'Sidoarjo'),
(13, 'Muntari B', 1996, 'Dsn. Jantok RT 01 RW 01 Purwosari', '', 1, '1997-04-27', 'Kediri'),
(14, 'Sugianto B', 5070, 'Ds. Girimulyo RT 09 RW 03 Jogorogo', '', 1, '1998-01-15', 'Ngawi'),
(15, 'Subarjo', 5077, 'Sambungpermai H-22 Sumb.Dukuh', '', 1, '1998-04-03', 'Jombang'),
(16, 'Sunarko', 5079, 'Krajankalipare RT 04 RW 01', '', 1, '1998-03-19', 'Malang'),
(17, 'Agus Afanudin', 5166, 'Dsn. Karang Kletek RT 03 RW 05', '', 1, '2000-11-03', 'Jombang'),
(18, 'Samiun', 5102, 'Dsn. Randulawang RT 05 RW 01', '', 1, '1998-06-22', 'Madiun'),
(19, 'S. Heri Santoso', 5103, 'Bandar Kidul 21 RT 08 RW 01', '', 1, '1998-06-29', 'Kediri'),
(20, 'Sugik', 5132, 'Ds. Sekaran RT 02 RW 05 Loceret', '', 1, '1999-08-20', 'Nganjuk'),
(21, 'Yohanes', 5180, 'Jl. Panglima Sudirman 16B', '', 1, '2000-06-21', 'Jombang'),
(22, 'Muhaji', 1631, 'Balongrawe RT 02 RW 02 Kedundung', '', 1, '1993-02-19', 'Mojokerto'),
(23, 'Samaun', 1831, 'Ds. Mojokrapak Tambelang', '', 1, '1995-08-27', 'Jombang'),
(24, 'Nurwakid', 1291, 'Jl. Ampera No.1 Jombang', '', 1, '1987-10-24', 'Jombang'),
(25, 'Imam Wahyudi', 5186, 'Jl. Gajahmada 239 Bangil', '', 1, '2000-07-24', 'Pasuruan'),
(26, 'Supadi', 5379, 'Dsn. Taplak Rt 02 RW 01 D.Rejo', '', 1, '2007-01-18', 'Gresik'),
(27, 'Muslimin', 5236, 'Krebet RT 26 RW 06 Bululawang', '', 1, '2002-09-14', 'Malang'),
(28, 'Kusno Sriyanto', 5388, 'Banjar Pertapan RT 06 RW 05 Taman', '', 1, '2007-06-03', 'Sidoarjo'),
(29, 'Nono Sulistiono', 5352, 'Kupang Praupan Pasar 1/21', '', 1, '2006-08-22', 'Surabaya'),
(30, 'Ach Mustakim', 5412, 'Jl. Semeru RT 01 RW 02 Pace', '', 1, '2007-06-10', 'Nganjuk'),
(31, 'Warsiman', 5414, 'Sukomoro RT 01 RW 04 Sukomoro', '', 1, '2007-11-24', 'Nganjuk'),
(32, 'Sukarno', 5421, 'Alam Pesona GG 6 Krian', '', 1, '2008-01-26', 'Sidoarjo'),
(33, 'Ida Bagus S', 5438, 'Ngudi Kidul RT 24 RW 05 Gedeg', '', 1, '2008-04-15', 'Mojokerto'),
(34, 'Tommy Sugandi', 5444, 'Jl. Tembus Kaliombo Kec.Kota', '', 1, '2008-07-06', 'Kediri'),
(35, 'Sapto', 5473, 'Lontar Kebun Dalem RT 29 RW 07', '', 1, '2008-11-21', 'Mojosari'),
(36, 'Iswahyudi', 5447, 'Jl. Ikan Oscar LI/33 Waru', '', 1, '2008-07-28', 'Sidoarjo'),
(37, 'Ali Mustofa', 5482, 'Watudandang RT 01 RW 09 Prambon', '', 1, '2009-05-01', 'Nganjuk'),
(38, 'Kardi', 5483, 'Gilang RT 03 RW 01 Taman', '', 1, '2009-09-01', 'Sidoarjo'),
(39, 'Robin Kuspranoto', 5493, 'Gilang RT 24 RW 07 Taman', '', 1, '2009-09-02', 'Sidoarjo'),
(40, 'Sarwo Edi', 5503, 'Dsn. Betek RT 16 RW 08 Berbek', '', 1, '2009-11-03', 'Nganjuk'),
(41, 'Wasis Gunawan', 5527, 'Jl. Rambutan RT 01 RW 0 Pandansi', '', 1, '2009-04-06', 'Kediri'),
(42, 'Hudi Sabar', 5636, 'Ds. Dadapan RT 02 RW 02 Ngronggot', '', 1, '2010-05-01', 'Nganjuk'),
(43, 'Lasno', 5690, 'Ds. Dander RT 35 RW 4 Kec. Dander', '', 1, '2010-07-06', 'Bojonegoro'),
(44, 'M. Jidin', 5722, 'Lingkungan Gurit RT 03 RW 02', '', 1, '2010-08-25', 'Blitar'),
(45, 'Astofa Yunianto', 5801, 'Rungkut Kidul - Majemuk', '', 1, '2011-05-26', 'Surabaya'),
(46, 'Eko Prasetyo', 5860, 'Dsn. Pijilan RT 04 RW 13', '', 1, '2011-09-12', 'Sukoharjo'),
(47, 'Aris Nuryono', 5886, 'Ds. Tempel Wetan - Loceret', '', 1, '2012-09-02', 'Nganjuk'),
(48, 'Puji Agus Purnomo', 5899, 'Dsn. Gelangan Kadirejo Pabelan', '', 1, '2012-03-13', 'Semarang'),
(49, 'Mujiono', 5906, 'Ds. Gledeg - Karanganyar', '', 1, '2012-03-04', 'Klaten'),
(50, 'Sapto Sutrisno', 5960, 'Ds. Serang RT 22 RW 06 Karangreo', '', 1, '2012-09-28', 'Purbalingga'),
(51, 'Nur Wahyudi', 6143, 'Ds. Cempoko RT 02 RW 01', '', 1, '2011-12-22', 'Jombang'),
(52, 'Abd Rohman', 5990, 'Ling. Kupang Tegal 04/04 Kupang', '', 1, '2013-01-25', 'Semarang'),
(53, 'Sutrisno', 7030, 'Kedungsari 01/04 Magelang', '', 1, '2013-07-03', 'Jawa Tengah'),
(54, 'Slamet Riyadi', 5434, 'Ds. Oro Oro Sumberbendo Saradan', '', 1, '2008-07-04', 'Madiun'),
(55, 'Romadhon', 7044, 'Ds. Semayu Selomerto Wonosobo', '', 1, '2013-05-04', 'Jawa Tengah'),
(56, 'Supriyanto', 5715, 'Jl. Lamtoro Tidar Baru', '', 1, '2010-12-08', 'Magelang'),
(57, 'Setyo Pramono', 7117, 'Kyai Panjang Jiwo Secang', '', 1, '2013-10-16', 'Magelang'),
(58, 'Abdul Rofik', 7115, 'Jl. Ketapang IV B Sukodono', '', 1, '2013-10-10', 'Sidoarjo'),
(59, 'Sucipto', 7111, 'Kranggan Ngebang Pakel', '', 1, '2013-03-10', 'Tulungagung'),
(60, 'Agus Cahyono', 7144, 'Dsn. Mencon Kalijirak Tasikmadu', '', 1, '2013-12-12', 'Karanganyar'),
(61, 'Supriyadi', 7146, 'Dsn. Tunglur Ds. Ngadipiro', '', 1, '2013-12-16', 'Nganjuk'),
(62, 'Kamsuri', 7134, 'Dsn. Terik RT 08 RW 03 Krian', '', 1, '2013-11-25', 'Sidoarjo'),
(63, 'Antok Prasetiawan', 7137, 'Dsn. Krajan Rambipuji', '', 1, '2013-11-28', 'Jember'),
(64, 'Suwarno', 7147, 'Dsn. Wungusari Gayam Kukoharjo', '', 1, '2013-12-16', 'Sukoharjo'),
(65, 'Warsito', 7165, 'Besukagung Sumberagung', '', 1, '2014-01-26', 'Jombang'),
(66, 'Warso', 7164, 'Gayaman Mojanyar', '', 1, '2014-01-21', 'Mojokerto'),
(67, 'Dedik Irawan', 7185, 'Jl. Makmur Sawahan GetengKulon', '', 1, '2014-11-02', 'Banyuwangi'),
(68, 'Mahmudin', 7186, 'Jln. Kenongo Klampitan', '', 1, '2014-02-13', 'Kediri'),
(69, 'Dodik Hermanto', 7193, 'Ds. Mlarak RT 03 RW 02, Mlarak', '', 1, '2014-02-18', 'Ponorogo'),
(70, 'Gunawan Setiyoko', 7210, 'Perum Tukom Indah', '', 1, '2014-05-03', 'Lumajang'),
(71, 'M. Aris Imron', 7215, 'Ds. Balongsari - Megaluh', '', 1, '2014-06-03', 'Jombang'),
(72, 'Sudarsono', 7213, 'Dsn. Blongko - Ngetos', '', 1, '2014-06-03', 'Nganjuk'),
(73, 'M. Syaroni', 7206, 'Gang Sumur Buah - Sambikerep', '', 1, '2014-03-03', 'Surabaya'),
(74, 'Zaenal Arifin', 7204, 'Padmosusatro 146B-Darmo', '', 1, '2014-02-24', 'Surabaya'),
(75, 'M. Usman Ali', 7221, 'Dk. Plaosan - Ngetos', '', 1, '2014-10-03', 'Boyolali'),
(76, 'Suhadi', 7217, 'Dsn. Kliyangan - Jenggrik', '', 1, '2014-07-03', 'Ngawi'),
(77, 'Djuwanto', 7229, 'Jl.Melati-Ngunjang-Gondang', '', 1, '2014-03-25', 'Nganjuk'),
(78, 'Irwan Dwi Santoso', 7236, 'Jl. Eka Jaya-Jiwan', '', 1, '2014-04-24', 'Madiun'),
(79, 'Hariono Suyono', 7267, 'Dsn. Samban-Sidokerto-Ke Jati', '', 1, '2014-07-17', 'Ngawi'),
(80, 'Jumanto', 7262, 'Dsn. Karanganyar-Kemukmas', '', 1, '2014-10-07', 'Jember'),
(81, 'S. Agung M', 7287, 'Malangsari-Tanjunganom', '', 1, '2014-06-22', 'Nganjuk'),
(82, 'Feri Tri Setyo B', 7286, 'Setumbal-Jurug-Sooko', '', 1, '2014-09-15', 'Ponorogo'),
(83, 'Sugiyarto', 7285, 'Klebaan Mojokerto- Kedawang', '', 1, '2014-09-15', 'Sragen'),
(84, 'Tulus Pangudi', 7159, 'Ds. Geblug - Buayan - Kebumen', '', 1, '2014-01-13', 'Kebumen'),
(85, 'Waryono', 7306, 'Dk. Ceplukan - Gondangrejo', '', 1, '2014-05-11', 'Karanganyar'),
(86, 'Nasrudin', 7326, 'Dsn. Giyombong-Candimulyo', '', 1, '2014-12-16', 'Magelang'),
(87, 'Isroyin', 7325, 'Dsn. Selorejo - Salaman', '', 1, '2014-12-16', 'Magelang'),
(88, 'Unggul Sulaksono', 7347, 'Dsn. Sanan Timur - Mojoagung', '', 1, '2015-09-02', 'Jombang'),
(89, 'Lapin', 7344, 'Dsn. Surodadi - Tanjunganom', '', 1, '2015-09-02', 'Nganjuk'),
(90, 'Gunarianto', 7341, 'Jl. Panjaitan - Kudu - Kertosono', '', 1, '2015-02-02', 'Nganjuk'),
(91, 'Trisno', 7339, 'Nglempong - Sucen', '', 1, '2015-01-30', 'Magelang'),
(92, 'Sumarsono', 7331, 'Jl. Kriya Mulya-Kartoharjo', '', 1, '2015-05-01', 'Madiun'),
(93, 'Purnadi', 7357, 'Dsn. Menjangan Kuning-Kesamben', '', 1, '2015-02-23', 'Jombang'),
(94, 'Y. Wuryanto', 7358, 'Perum Griyo Rejo Mulyo', '', 1, '2015-02-28', 'Salatiga'),
(95, 'Sukma Agrip Sussara', 7353, 'Dk. Barongan-Ambol', '', 1, '2015-02-18', 'Kebumen'),
(96, 'Fahrul Roji', 7351, 'Dk. Kalimengawak-Bumiayu', '', 1, '2015-02-18', 'Brebes'),
(97, 'Purnomo Sidi', 7349, 'Dsn. Turiharjo-Grogol', '', 1, '2015-10-02', 'Sukoharjo'),
(98, 'Sunarto', 7348, 'Jl. Jerapah - Blotongan - Sidorejo', '', 1, '2015-10-02', 'Salatiga'),
(99, 'Mulyono', 7374, 'Keringan Indah - Karangduren', '', 1, '2015-03-19', 'Boyolali'),
(100, 'Ahmad Yusuf', 7375, 'Banyu Urip - Sawahan', '', 1, '2015-03-23', 'Surabaya'),
(101, 'Sugeng', 7376, 'Karang Jati - Kali Jambe', '', 1, '2015-03-23', 'Sragen'),
(102, 'Tri Yudianto', 7420, 'Pilang Payung - Geneng', '', 1, '2015-04-23', 'Ngawi'),
(103, 'Budiyanto', 7409, 'Wadus Wetan - Kandangan', '', 1, '2015-04-16', 'Temanggung'),
(104, 'Susantoro', 7460, 'Ds. Jiwan RT 02 RW 01', '', 1, '2015-06-22', 'Madiun'),
(105, 'Donny Arifianto', 7427, 'Jl. R.Patah - Pekauman', '', 1, '2015-07-05', 'Sidoarjo'),
(106, 'Aries Bastiar', 5994, 'Ceporan - Ngadiluwih', '', 1, '2013-01-31', 'Karanganyar'),
(107, 'Jujuk Karunia', 7438, 'Jl. Citarum No 9b Ds. Taman', '', 1, '2015-05-21', 'Madiun'),
(108, 'Jumino', 7498, 'Ds. Klepu RT 01 RW 01 Kec. Butuh', '', 1, '2015-10-06', 'Purworejo'),
(109, 'Raherdin', 7505, 'Ds. Sidomulyo Kec. Salaman', '', 1, '2015-10-12', 'Magelang'),
(110, 'Eko Prabowo', 7508, 'Ds. Sokaraja Lor Kec. Sokaraja', '', 1, '2015-10-16', 'Banyumas'),
(111, 'Desti Yuda Prawira', 7509, 'Ds. Kranji Kec. Purwokerto Timur', '', 1, '2015-10-16', 'Banyumas'),
(112, 'Narimo', 7512, 'Ds. Padaringin Kec Slogohimo', '', 1, '2015-10-20', 'Wonogiri'),
(113, 'Heru Saptono N', 7514, 'Ds. Seden RT 20 RW 09 Kec. Ngawen', '', 1, '2015-10-27', 'Klaten'),
(114, 'Herman Ismana', 7540, 'Ngledok 01/01 Kel. Sragen', '', 1, '2015-11-27', 'Sragen'),
(115, 'Setiawan', 7545, 'Jl. Langgengrejo RT05/06', '', 1, '2015-12-19', 'Salatiga'),
(116, 'Eko Sugitno', 7546, 'Karangmalang RT 04/01 Purbowani', '', 1, '2015-12-09', 'Kebumen'),
(117, 'Ari Budi Wibowo', 7547, 'Crongo RT 02 RW 02 Banyubondo', '', 1, '2015-05-25', 'Boyolali'),
(118, 'Budi Mulyono', 7440, 'Bendan RT 10 RW 02 Banyubondo', '', 1, '2015-05-25', 'Purworejo'),
(119, 'Suherman', 5594, 'Jl. Raya Gilang 115', '', 1, '2009-10-30', 'Sidoarjo'),
(120, 'Slamet Sumarno', 7551, 'Dondang 01/01 Keduren Purwodadi', '', 1, '2016-01-07', 'Purworejo'),
(121, 'Dodik Eko Wijayanto', 7575, 'Merbau Timur No 159 Banyumanik', '', 1, '0000-00-00', 'Semarang'),
(122, 'Sutoyo', 7586, 'Kedunggandu RT 16 Wonotolo', '', 1, '2016-02-25', 'Sragen'),
(123, 'Siswanto', 7607, 'Kp. Taman 02/02 Kalianget', '', 1, '2016-03-24', 'Situbondo'),
(124, 'Buasan Gatot', 7613, 'Dusun 01/08 Sentul Sumbersuko', '', 1, '2016-04-01', 'Lumajang'),
(125, 'Anam Drubara', 7621, 'Ds. Mujamuju 24/08 Umbulhargo', '', 1, '2016-04-12', 'Yogyakarta'),
(126, 'Haryadi', 7625, 'Zebra Tengah 04/05 Pedurungan', '', 1, '2016-04-18', 'Semarang'),
(127, 'Bambang Pudji', 7625, 'Plarangan 05/01 Karanganyar', '', 1, '2016-04-18', 'Semarang'),
(128, 'Kosmas Dru W', 7631, 'Barongan 20/10 Panjatan', '', 1, '2016-04-28', 'Yogyakarta'),
(129, 'Nur Kholiq', 7632, 'Gendol 02/02 Klopo Tegalrejo', '', 1, '2016-04-28', 'Magelang'),
(130, 'Saefudin', 7649, 'Bungur 10/03 Gelung Paron', '', 1, '2016-05-25', 'Ngawi'),
(131, 'Agus Setiyanto', 7651, 'Siwalankerto 31 03/01 Wonocolo', '', 1, '2016-05-31', 'Surabaya'),
(132, 'Tiyoso', 7662, 'Setas 2/5 Termas Karanganyar', '', 1, '2016-08-12', 'Grobongan'),
(133, 'Eko Susanto', 7665, 'Jl. Akasiaraya 120 4/9 Teluk', '', 1, '2016-08-19', 'Banyumas'),
(134, 'Klis Diyantoro', 7666, 'Teges 03/04 Tegalsar Bruno', '', 1, '2016-08-19', 'Purworejo'),
(135, 'Iwan Sunarso', 7668, 'Kliwon 01/02 Sukomana Purwodadi', '', 1, '2016-08-26', 'Purworejo'),
(136, 'Wandhana', 7682, 'Ds. Bandungkidul 02/02 Bayan', '', 1, '2016-09-20', 'Purworejo'),
(137, 'Agus Dwiyanto', 7684, 'Ds. Blimbing 05/02 Mandiraja', '', 1, '2016-09-29', 'Banjarnegara'),
(138, 'Muhammad Haris', 7689, 'Perumdepkes B4 / 12 A Kramatutra', '', 1, '2016-10-04', 'Magelang'),
(139, 'Triono', 7697, 'Sambeng 16/05 Sukoreno Kaliwoto', '', 1, '2016-10-20', 'Wonosobo'),
(140, 'Lasito', 7715, 'Sengklayeng RT 19 Jenggrik', '', 1, '2016-12-02', 'Sragen'),
(141, 'Bodro Irawan', 7725, 'Turi XIII 02/27 Donokerto', '', 1, '2016-12-16', 'Sleman'),
(142, 'Bambang Nurdiansyah', 7728, 'Cupo 03/03 Ds. Grudo Kec. Ngawi', '', 1, '2016-12-21', 'Ngawi'),
(143, 'Slamet Puji R', 7732, 'Nanggulan 05/07 Payungan', '', 1, '2017-01-13', 'Semarang'),
(144, 'R.Feri Candra', 7738, 'Tado 05/03 Singkalan Balben', '', 1, '2017-01-24', 'Sidoarjo'),
(145, 'Wandik Sarjono', 7739, 'Winong 07/02 Kedungalar', '', 1, '2017-01-26', 'Ngawi'),
(146, 'Sarwidi', 7746, 'Tahunan 02/05', '', 1, '2017-02-08', 'Grombongan'),
(147, 'Haryanto Suwito', 7747, 'Kawunganten 01/03', '', 1, '2017-02-08', 'Cilacap'),
(148, 'Agung Purnomo', 7750, 'Gg. Sidomulyo 35 08/02', '', 1, '2017-02-13', 'Magelang'),
(149, 'Dedy Wuryono', 7761, 'Sumberan 09/05 Gondangan', '', 1, '2017-02-13', 'Magelang'),
(150, 'Samsuri', 7769, 'Pondokrejo 2/8 Tepisari', '', 1, '2017-03-21', 'Sukoharjo'),
(151, 'Sukiman', 7774, 'Keniten 02/03 Keji Muntilan', '', 1, '2017-03-24', 'Magelang'),
(152, 'Widarto Samsi', 7776, 'Triwunglor 01/04 Kademangan', '', 1, '2017-03-29', 'Probolinggo'),
(153, 'Didik', 2043, 'Perum Wates Batok 6/4', '', 2, '1980-01-01', 'Mojokerto'),
(154, 'Mulyadi B', 2052, 'Sidomulyo gg 4/6', '', 2, '1983-01-01', 'Mojokerto'),
(155, 'Nur Achmad Usman', 2148, 'Ds. Miagan Mojoagung', '', 2, '1982-11-26', 'Jombang'),
(156, 'Widarto', 2212, 'Burengan RT 01 RW 04', '', 2, '1981-01-01', 'Kediri'),
(157, 'Ariaji', 2292, 'Griyo Trisno Asri RT 06 RW 01', '', 2, '1988-09-06', 'Mojoagung'),
(158, 'Eko Wahyudi', 2412, 'Banyu Urip Wetan Tengah A6', '', 2, '1992-02-28', 'Surabaya'),
(159, 'Samiyono', 2433, 'Jl. Mangkubumi 12', '', 2, '1992-07-30', 'Ngawi'),
(160, 'Munawar', 2445, 'Hos Cokrominoto', '', 2, '1992-10-27', 'Mojokerto'),
(161, 'Suwito', 2543, 'Jl. S KKO Usman 16', '', 2, '1994-07-20', 'Kediri'),
(162, 'Sukiyamat', 2548, 'Jatipasar RT 02 Trowulan', '', 2, '1994-08-20', 'Mojokerto'),
(163, 'Tarmuji', 2555, 'Bulupasar RT 04 RW 03 Pagu', '', 2, '1994-10-27', 'Kediri'),
(164, 'Riyanto B', 2568, 'Basuki Rahmat 8A/42', '', 2, '1995-01-15', 'Malang'),
(165, 'Partono', 2572, 'Ir Sukarno Hatta 1/17 Grobogan', '', 2, '1995-02-21', 'Jombang'),
(166, 'Ishari', 2573, 'Dsn. Klagen RT 02 RW 10 Karanglo', '', 2, '1995-02-22', 'Jombang'),
(167, 'Daud', 2609, 'Ds. Mojo Tamping RT 01 RW 01 Bangsal', '', 2, '1995-10-14', 'Mojokerto'),
(168, 'Sukadi', 2610, 'Sumberagung RT 18 RW 05 Wates', '', 2, '1995-10-23', 'Kediri'),
(169, 'Untung', 2635, 'Jl. Bromo 11/3 Perum Wates', '', 2, '1996-04-29', 'Mojokerto'),
(170, 'Amiran', 2641, 'Ds. Purwodadi RT 01 RW 02 Purwosari', '', 2, '1996-05-16', 'Kediri'),
(171, 'Sukardji', 2655, 'Jl. Letjend Suprapto 11/15 ', '', 2, '1996-04-08', 'Kediri'),
(172, 'I. Bagus Ariana', 2705, 'Dsn. Karangan RT 02 RW 01 Balong', '', 2, '1997-07-25', 'Ponorogo'),
(173, 'Sugianto', 2707, 'Pandanwangi RT 15 RW 5 Manisrejotaman', '', 2, '1997-07-29', 'Madiun'),
(174, 'Batin', 2709, 'Jl. Salak 24 RT 03 RW 04 Purwoasri', '', 2, '1997-08-15', 'Kediri'),
(175, 'Khamidun', 2743, 'Dsn. Gayaman RT 05 RW 01 Gayamanpuri', '', 2, '1998-12-06', 'Mojokerto'),
(176, 'Iswanto', 2028, 'Ds. Sawo Sukodono', '', 2, '1976-01-01', 'Sidoarjo'),
(177, 'Joko Priyono', 2559, 'Gilang RT 04 RW 01 Taman', '', 2, '1994-12-21', 'Sidoarjo'),
(178, 'S. Iskak', 2602, 'Letjen Suprapto RT 01 RW 03', '', 2, '1995-08-09', 'Nganjuk'),
(179, 'Muyono', 2727, 'Ds. Gembes Masaran', '', 2, '1997-07-11', 'Trenggalek'),
(180, 'Sutikno B', 2437, 'Ds. Jaten RT 06 RW 02 Diwek', '', 2, '1992-08-27', 'Jombang'),
(181, 'Karyono', 2480, 'Jl. S Supriyadi 6/2328', '', 2, '1993-03-05', 'Malang'),
(182, 'Priyani', 2592, 'Jl. Setono RT 01 RW 02', '', 2, '1995-10-06', 'Kediri'),
(183, 'Ulil A', 2595, 'Dsn. Tawang RT 12 RW 02 Wates', '', 2, '1995-05-07', 'Kediri'),
(184, 'Muabas', 2708, 'Ds. Kwagean Krenceng Kepung', '', 2, '1997-07-30', 'Kediri'),
(185, 'Sukepi', 2726, 'Ds. Jajar RT 01 RW 01 Mancan', '', 2, '1997-10-31', 'Nganjuk'),
(186, 'Mulyono B.', 2740, 'Jl. Ciliwung gg X Taman', '', 2, '1998-04-17', 'Madiun'),
(187, 'Suyanto', 2811, 'Dsn. Tempuran RT 03 RW 12', '', 2, '2000-12-05', 'Jombang'),
(188, 'Suroto', 2787, 'Ds. Karang Pakis RT 02 RW 03', '', 2, '2000-10-10', 'Kediri'),
(189, 'Sudarmaji', 2747, 'Sirapan RT 12 RW 05', '', 2, '1998-08-13', 'Sidoarjo'),
(190, 'Romin', 2767, 'Balongsari II/9 RT 02 RW 02', '', 2, '2000-06-03', 'Mojokerto'),
(191, 'Agus H.', 2769, 'Jl. Kauman 37', '', 2, '2000-03-28', 'Caruban'),
(192, 'Slamet Sugito', 2772, 'Jl. Thamrin No 12 Banaran', '', 2, '2000-04-28', 'Kertosono'),
(193, 'Agus Susanto', 2777, 'Dsn. Bujel RT 01 RW 03', '', 2, '2000-07-16', 'Lamongan'),
(194, 'Dwi Santoso', 2802, 'Ds. Balongmulyo RT 07 RW 03', '', 2, '2000-04-11', 'Rembang'),
(195, 'Ach Yahji', 2820, 'Jabon RT 05 RW 04 Grogol', '', 2, '2002-11-13', 'Kediri'),
(196, 'Hariadi S', 2822, 'Jl. Welirang 11/22 RT 01 RW 01', '', 2, '2002-11-20', 'Mojokerto'),
(197, 'Khoirul M', 2823, 'Dsn. Sadang RT 02 RW 02', '', 2, '2002-11-22', 'Ngawi'),
(198, 'Sunarpriyadi', 2824, 'Ds. Kedungsari RT 03 RW 09', '', 2, '2003-04-02', 'Ngawi'),
(199, 'Ketut', 2825, 'Ds. Tahunan RT 02 RW', '', 2, '2003-08-02', 'Pacitan'),
(200, 'Suparlan', 2826, 'Kel. Sampung RT 01 RW 03', '', 2, '2003-02-13', 'Magetan'),
(201, 'M. Ilyanto', 2565, 'Ds. Perak RT 01 RW 05 Perak', '', 2, '1995-01-30', 'Jombang'),
(202, 'Mulyadi M', 2594, 'Ds. Dapur Kejambon RT 07 RW 02', '', 2, '1995-11-07', 'Jombang'),
(203, 'M. Jumain', 2676, 'Jl. Trengguli RT 02 RW 01 Tulangan', '', 2, '1996-01-11', 'Sidoarjo'),
(204, 'Rahman', 2615, 'Jl. Masjid Alhuda 83 Gadirejo', '', 2, '1995-04-12', 'Kediri'),
(205, 'Moch Brakroni', 2813, 'Dsn. Karanglo RT 01 RW 01 Ngadiluwih', '', 2, '2000-10-27', 'Kediri'),
(206, 'Pujianto', 2850, 'Ds. Jatipasar RT 06 RW 02 Trowulan', '', 2, '2008-01-01', 'Mojokerto'),
(207, 'Suyanto', 2861, 'Jl. Pemuda No 20 K.Baoto.Tarokan', '', 2, '2008-01-01', 'Kediri'),
(208, 'Sudarto', 2862, 'Jl. Panjaitan No 18 Sukomoro', '', 2, '2008-01-01', 'Magetan'),
(209, 'Nanang Iskandar', 2876, 'Jl. Panjaitan No 42 Kertosono', '', 2, '2008-04-11', 'Nganjuk'),
(210, 'Ilham Bey', 2947, 'Jl. Tengku Umar 1 Ploso', '', 2, '2009-06-22', 'Nganjuk'),
(211, 'Jumadi', 2983, 'Tinap RT 02 RW 01 Sukomoro', '', 2, '2009-10-29', 'Magetan'),
(212, 'Aditiyawarman', 2988, 'Dsn. Kedungpen RT 04 RW 02', '', 2, '2009-11-26', 'Mojokerto'),
(213, 'Zaenal Efendi', 2993, 'Jl. Kedungsari No 158 Magersari', '', 2, '2009-11-12', 'Mojokerto'),
(214, 'Wiwid Turmudi', 6107, 'Dsn. Bedah Tembelang', '', 2, '2011-06-15', 'Jombang'),
(215, 'Mohammad Yasin', 6135, 'Purwokerto RT 04 RW 04', '', 2, '2011-11-21', 'Nganjuk'),
(216, 'Sigit Sugiono', 6145, 'Kupang Praupan No 21 Tegalsari', '', 2, '2012-01-13', 'Surabaya'),
(217, 'Wiwit Tarmudi', 6188, 'Ds. Bedohlawak RT 01 RW 01', '', 2, '2013-01-24', 'Jombang'),
(218, 'Joko Widiatmoko', 6193, 'Jl. Supriadi No 15', '', 2, '2013-01-02', 'Kertosono'),
(219, 'Tamijo', 6197, 'Gilang RT 01 RW 02', '', 2, '2013-08-02', 'Sidoarjo'),
(220, 'Nazar Fauzi', 6194, 'Ds. Canggu RT 02 RW 07', '', 2, '2013-05-02', 'Kediri'),
(221, 'Moch Saiful', 6137, 'Balepanjang gg 2 RT 02 RW 01', '', 2, '2011-11-21', 'Krian'),
(222, 'Hadi Purnomo', 6158, 'Ds. Pojok Sari RT 21 RW 03', '', 2, '2012-05-30', 'Magetan'),
(223, 'Sugik Hartono', 6162, 'Jl. KH Abdul Aziz RT 01 RW 06', '', 2, '2012-06-21', 'Probolinggo'),
(224, 'Aldyan Bagoes Try P', 6736, 'Ledok RT 01 RW 03', '', 2, '2017-12-20', 'Klaten'),
(225, 'Teguh Nugroho', 6734, 'Tambakselo Selatan RT 06 RW 02', '', 2, '2017-12-13', 'Ngawi'),
(226, 'Santoso', 6065, 'Dsn. Kartoharjo RT 02 RW 03', '', 2, '2010-06-17', 'Mojokerto'),
(227, 'Tsalasun', 6055, 'Ds. Sambirejo RT 06 RW 02', '', 2, '2010-05-21', 'Kediri'),
(228, 'Ismu Raharjo', 2968, 'Jl. Kemlaten gg X / 9C', '', 2, '2009-10-08', 'Surabaya'),
(229, 'Yanto', 6114, 'Jruk Gunung RT 10 RW 02', '', 2, '2011-04-10', 'Madiun'),
(230, 'Sudarwanto', 2981, 'Dsn. Bandolor RT 01 RW 07', '', 2, '2009-10-19', 'Kediri'),
(231, 'Zainul Ikwan', 6252, 'Dsn. Jagoloyo RT 02 RW 02', '', 2, '2013-06-09', 'Jombang'),
(232, 'Bagus M. Efendi', 6260, 'Dsn. Pagerwojo RT 01 RW 04', '', 2, '2013-09-17', 'Jombang'),
(233, 'Siswanto', 6255, 'Jl. Kedungasem Raya No 80', '', 2, '2013-09-13', 'Surabaya'),
(234, 'Hery Bahagiono', 6270, 'Perum Bringin Indah 024/50', '', 2, '2013-01-15', 'Sidoarjo'),
(235, 'Hermawan Widayanto', 6286, 'Kalisari 41 RT 15 RW 06', '', 2, '2013-06-12', 'Salatiga'),
(236, 'Choirul Azis', 6307, 'Ds. Sidorejo RT 15 RW 04', '', 2, '2014-01-23', 'Sidoarjo'),
(237, 'Frendi Ekajati', 6058, 'Geluran RT 02 RW 01', '', 2, '2010-04-06', 'Sidoarjo'),
(238, 'Alim Mulyadi', 6178, 'Jl. Imam Bonjol RT 33 RW 08', '', 2, '2012-06-11', 'Sidoarjo'),
(239, 'Slamet Riadi', 6323, 'Ds. Ketimang RT 06 RW 02', '', 2, '2014-11-03', 'Sidoarjo'),
(240, 'Winaryo', 6326, 'Dsn. Katongan RT 01 RW 01', '', 2, '2014-03-18', 'Nganjuk'),
(241, 'M. Furqon', 6364, 'Dsn. Sawahan RT 02 RW 05', '', 2, '2014-08-15', 'Jombang'),
(242, 'M. Teguh Supriono', 6380, 'Dsn. Kalangan RT 01 RW 01', '', 2, '2014-10-30', 'Jombang'),
(243, 'Arnando Hadi W', 6392, 'Rangko Lor RT 04 RW 06', '', 2, '2015-01-13', 'Sidoarjo'),
(244, 'Rino Aditya Pratama', 6407, 'Jl. Diponegoro RT 01 RW 01', '', 2, '2015-02-13', 'Jombang'),
(245, 'Sudarwis', 6457, 'Ds. Berbek III J RT 02 RW 04', '', 2, '2015-05-28', 'Sidoarjo'),
(246, 'Moch Irano V', 6494, 'Trosobo No 13 RT 05 RW 02', '', 2, '2015-07-10', 'Sidoarjo'),
(247, 'Mochammad Sayfudin', 6496, 'Dsn. Pendowo RT 13 RW 04', '', 2, '2015-10-20', 'Mojokerto'),
(248, 'Denny Hartanto', 6498, 'Twangsari RT 02 RW 01', '', 2, '2015-10-27', 'Sidoarjo'),
(249, 'Saiful Zuhri', 6502, 'Tanon RT 02 Ds. Tanon', '', 2, '2015-11-28', 'Sragen'),
(250, 'Trio Aji Candra', 6527, 'Melati RT 14 RW 04', '', 2, '2016-03-28', 'Sidoarjo'),
(251, 'M. Rudi', 6543, 'Dsn. Perak Blok F RT  01 RW 03', '', 2, '2015-04-25', 'Jombang'),
(252, 'Didik Setyawan', 6550, 'Dsn. Karobelah 1 RT 01 RW 02', '', 2, '2016-11-05', 'Jombang'),
(253, 'Khoirul Anam', 6551, 'Ds. Klinterejo RT 02 RW 07', '', 2, '2016-12-05', 'Mojokerto'),
(254, 'Agus Tri Cahyono', 6552, 'Jl. Sukorejo RT 09 RW 03', '', 2, '2016-12-05', 'Sidoarjo'),
(255, 'Muhzudi', 6559, 'Simo Pomahan Baru Barat 3/43', '', 2, '2016-05-30', 'Surabaya'),
(256, 'Moh. Imron', 6560, 'Jl. Wilis RT 01 RW 01', '', 2, '2016-05-31', 'Nganjuk'),
(257, 'Dody Setiawan', 6561, 'Ngagel RT 19 RW 06', '', 2, '2016-05-31', 'Sragen'),
(258, 'Eko Budianto', 6568, 'Wedangkarep RT 02 RW 02', '', 2, '2016-06-07', 'Ngawi'),
(259, 'Susilo Wibowo', 6586, 'Dawangan RT 19 RW 05', '', 2, '2016-08-19', 'Sragen'),
(260, 'Alan Agusta P', 6588, 'Griya Kebonagung Blok E/27', '', 2, '2016-08-22', 'Sidoarjo'),
(261, 'Adam Novianto', 6600, 'Dsn Sebet RT 02 RW 01', '', 2, '2016-09-09', 'Kediri'),
(262, 'Heli Astudi', 6603, 'Dsn Krajan RT 01 RW 04', '', 2, '2016-09-20', 'Pacitan'),
(263, 'Aan Khusyaiyi', 6613, 'Dsn Peluk RT 03 RW 03', '', 2, '2016-10-03', 'Jombang'),
(264, 'Joko Purwanto', 6616, 'Dsn Jambu RT 02 RW 01', '', 2, '2016-10-31', 'Jombang'),
(265, 'Ikhlash Imam', 6616, 'Ds. Ngujung RT 01 RW 03', '', 2, '2016-10-20', 'Nganjuk'),
(266, 'Yasin Primadoni', 6629, 'Jl. Asahan RT 04 RW 01', '', 2, '2016-12-14', 'Madiun'),
(267, 'Tri Candra Nur ', 6638, 'Dsn Jenis Gelaran RT 01 RW 01', '', 2, '2017-02-07', 'Jombang'),
(268, 'Asep Dian P', 6633, 'Kenayan RT 02 RW 15 Borobudur', '', 2, '2017-01-30', 'Magelang'),
(269, 'Deris Susanto', 6644, 'Graul Gudang RT 02 RW 03', '', 2, '2017-02-21', 'Brebes'),
(270, 'Erka Irawan', 6650, 'Breketok RT 32 RW 12', '', 2, '2017-02-27', 'Madiun'),
(271, 'Bayu Kiswanto', 6652, 'Dsn Bringin Kulon RT 04 RW 03', '', 2, '2017-03-07', 'Sidoarjo'),
(272, 'Novi Agung Sugiarto', 6653, 'Keputaran Kesambon 2/65', '', 2, '2017-03-28', 'Sidoarjo'),
(273, 'Aditya Pradan', 6655, 'Jl. Madiun No 28 GKB', '', 2, '2017-03-24', 'Gresik'),
(274, 'M. Sirot', 6661, 'Jl. Melati 20 RT 02 RW 01', '', 2, '2017-03-23', 'Jombang'),
(275, 'Iqbal Adi P', 6664, 'Botton 1 gg Margo Utama 151', '', 2, '2017-03-27', 'Magelang'),
(276, 'Tamaji', 6665, 'Dsn Canggih RT 31 RW 11', '', 2, '2017-03-27', 'Pasuruan'),
(277, 'Achmad Ridwan', 6666, 'Kramat RT 01 RW 02', '', 2, '2017-04-10', 'Sidoarjo'),
(278, 'Muhammad Rifandi', 6670, 'Dsn Krajan RT 02 RW 06', '', 2, '2017-04-10', 'Jember'),
(279, 'Rahman Hidayat', 6672, 'Dsn Kletek RT 02 RW 06', '', 2, '2017-04-12', 'Sidoarjo'),
(280, 'Teki Panca M', 6674, 'Jl. Mayjend Sungkono XIV C', '', 2, '2017-04-21', 'Gresik'),
(281, 'Sugik Yuliarso', 6676, 'Dsn Kromasan RT 17 RW 05', '', 2, '2017-02-05', 'Kediri'),
(282, 'Galih Nur W', 6678, 'Jetis RT 12 RW 04', '', 2, '2017-05-09', 'Sragen'),
(283, 'Andi Purwanto', 6679, 'Dsn Manca Barat RT 04 RW 03', '', 2, '2017-05-12', 'Jombang'),
(284, 'Agus Teguh S', 6684, 'Jl. Branjangan RT 28 RW 08', '', 2, '2017-07-07', 'Madiun'),
(285, 'Winarto', 6686, 'Ds. Jampes RT 07 RW 03', '', 2, '2017-07-20', 'Nganjuk'),
(286, 'Joko Guntoro', 6688, 'Ds. Kwadungan RT 03 RW 02', '', 2, '2017-07-26', 'Ngawi'),
(287, 'Adji Prabowo', 6689, 'Kropyak RT 01 RW 01', '', 2, '2017-07-27', 'Magelang'),
(288, 'M. Aditya S', 6694, 'Sambibulu RT 01 RW 02', '', 2, '2017-08-23', 'Sidoarjo'),
(289, 'Suwarno', 6695, 'Sumberwatu RT 01 RW 01', '', 2, '2017-08-28', 'Mojokerto'),
(290, 'Bayu Jatmika A', 6696, 'Dsn Campor RT 04 RW 01', '', 2, '2017-08-28', 'Sumenep'),
(291, 'M. Syahri Hidayat', 6697, 'Wonorejo 3/20 RT 08 RW 05', '', 2, '2017-09-04', 'Surabaya'),
(292, 'Danang Pradito', 6698, 'Ngale RT 05 RW 01', '', 2, '2017-09-05', 'Ngawi'),
(293, 'Puguh Wiyoto', 6700, 'Jl. Ciliwung GG X', '', 2, '2017-09-07', 'Madiun'),
(294, 'M. Danang Fibianto', 6702, 'Lk. Pengkol RT 03 RW 01', '', 2, '2017-09-05', 'Nganjuk'),
(295, 'M. Nur Ali', 6703, 'Ds. Dayu RT 02 RW 01', '', 2, '2017-09-20', 'Kediri'),
(296, 'Slamet Karyono', 6704, 'Jl. Kenitu RT 03 RW 05', '', 2, '2017-09-25', 'Kediri'),
(297, 'Aldi Kurniawan', 6705, 'Kliwonan RT 01 RW 02', '', 2, '2017-09-28', 'Purworejo'),
(298, 'Eko Wahyu W', 6706, 'Dsn Talon Lor RT 01 RW 01', '', 2, '2017-10-02', 'Jombang'),
(299, 'Pendi Eko M', 6709, 'Kebonagung RT 03 RW 01', '', 2, '2017-10-11', 'Madiun'),
(300, 'Andri Mujiono', 6710, 'Tembelang RT 02 RW 04', '', 2, '2017-10-12', 'Wonosobo'),
(301, 'Christian S', 6714, 'Dsn Ponen RT 04 RW 03', '', 2, '2017-10-24', 'Jombang'),
(302, 'Riski Budi U', 6717, 'Salam RT 02 RW 03', '', 2, '2017-11-02', 'Ngawi'),
(303, 'Tri Bowo Adi', 6720, 'Pondok RT 03 RW 04', '', 2, '2017-11-13', 'Sukoharjo'),
(304, 'Sukri Sultoni', 6721, 'Kebondalem RT 02 RW 01', '', 2, '2017-11-15', 'Boyolali');

-- --------------------------------------------------------

--
-- Struktur dari tabel `pegawai_shift`
--

CREATE TABLE `pegawai_shift` (
  `id` int(11) NOT NULL,
  `id_pegawai` int(11) NOT NULL,
  `tanggal` date NOT NULL,
  `shift` varchar(20) NOT NULL
) ENGINE=InnoDB DEFAULT CHARSET=latin1;

-- --------------------------------------------------------

--
-- Struktur dari tabel `setor`
--

CREATE TABLE `setor` (
  `id_setor` int(11) NOT NULL,
  `id_jadwal` int(11) NOT NULL,
  `id_karcis` int(11) NOT NULL,
  `tpr_sby` int(11) NOT NULL,
  `mandor_sby` int(11) NOT NULL,
  `tpr_caruban` int(11) NOT NULL,
  `mandor_caruban` int(11) NOT NULL,
  `tpr_ngawi` int(11) NOT NULL,
  `mandor_ngawi` int(11) NOT NULL,
  `tpr_solo` int(11) NOT NULL,
  `mandor_solo` int(11) NOT NULL,
  `tpr_kartosuro` int(11) NOT NULL,
  `mandor_kartosuro` int(11) NOT NULL,
  `tpr_salatiga` int(11) NOT NULL,
  `mandor_salatiga` int(11) NOT NULL,
  `tpr_semarang` int(11) NOT NULL,
  `mandor_semarang` int(11) NOT NULL,
  `rit_1` int(11) NOT NULL,
  `rit_2` int(11) NOT NULL,
  `bon_sopir` int(11) NOT NULL,
  `bon_kondektur` int(11) NOT NULL,
  `solar_pergi` float NOT NULL,
  `nom_solar_pergi` int(11) NOT NULL,
  `solar_plg` float NOT NULL,
  `nom_solar_plg` int(11) NOT NULL,
  `um_sopir` int(11) NOT NULL,
  `um_kond` int(11) NOT NULL,
  `cuci_bis` int(11) NOT NULL,
  `tpr2` int(11) NOT NULL,
  `tol` int(11) NOT NULL,
  `siaran` int(11) NOT NULL,
  `parkir` int(11) NOT NULL,
  `lain_lain` int(11) NOT NULL,
  `potong_minum` int(11) NOT NULL,
  `pendapatan_kotor` int(11) NOT NULL,
  `bersih_perjalanan` int(11) NOT NULL,
  `total_bersih` int(11) NOT NULL,
  `dipotong_premi` int(11) NOT NULL,
  `premi_sopir` int(11) NOT NULL,
  `premi_kondektur` int(11) NOT NULL
) ENGINE=InnoDB DEFAULT CHARSET=latin1;

--
-- Dumping data untuk tabel `setor`
--

INSERT INTO `setor` (`id_setor`, `id_jadwal`, `id_karcis`, `tpr_sby`, `mandor_sby`, `tpr_caruban`, `mandor_caruban`, `tpr_ngawi`, `mandor_ngawi`, `tpr_solo`, `mandor_solo`, `tpr_kartosuro`, `mandor_kartosuro`, `tpr_salatiga`, `mandor_salatiga`, `tpr_semarang`, `mandor_semarang`, `rit_1`, `rit_2`, `bon_sopir`, `bon_kondektur`, `solar_pergi`, `nom_solar_pergi`, `solar_plg`, `nom_solar_plg`, `um_sopir`, `um_kond`, `cuci_bis`, `tpr2`, `tol`, `siaran`, `parkir`, `lain_lain`, `potong_minum`, `pendapatan_kotor`, `bersih_perjalanan`, `total_bersih`, `dipotong_premi`, `premi_sopir`, `premi_kondektur`) VALUES
(1, 1, 1, 0, 0, 0, 0, 0, 0, 0, 0, 0, 0, 0, 0, 0, 0, 0, 0, 0, 0, 0, 0, 0, 0, 0, 0, 0, 0, 0, 0, 0, 0, 0, 0, 0, 0, 0, 0, 0),
(2, 2, 2, 0, 0, 0, 0, 0, 0, 0, 0, 0, 0, 0, 0, 0, 0, 0, 0, 0, 0, 0, 0, 0, 0, 0, 0, 0, 0, 0, 0, 0, 0, 0, 0, 0, 0, 0, 0, 0),
(3, 3, 3, 0, 0, 0, 0, 0, 0, 0, 0, 0, 0, 0, 0, 0, 0, 0, 0, 0, 0, 0, 0, 0, 0, 0, 0, 0, 0, 0, 0, 0, 0, 0, 0, 0, 0, 0, 0, 0),
(4, 4, 4, 0, 0, 0, 0, 0, 0, 0, 0, 0, 0, 0, 0, 0, 0, 0, 0, 0, 0, 0, 0, 0, 0, 0, 0, 0, 0, 0, 0, 0, 0, 0, 0, 0, 0, 0, 0, 0),
(5, 5, 5, 0, 0, 0, 0, 0, 0, 0, 0, 0, 0, 0, 0, 0, 0, 0, 0, 0, 0, 0, 0, 0, 0, 0, 0, 0, 0, 0, 0, 0, 0, 0, 0, 0, 0, 0, 0, 0),
(6, 6, 6, 0, 0, 0, 0, 0, 0, 0, 0, 0, 0, 0, 0, 0, 0, 0, 0, 0, 0, 0, 0, 0, 0, 0, 0, 0, 0, 0, 0, 0, 0, 0, 0, 0, 0, 0, 0, 0),
(7, 7, 7, 0, 0, 0, 0, 0, 0, 0, 0, 0, 0, 0, 0, 0, 0, 0, 0, 0, 0, 0, 0, 0, 0, 0, 0, 0, 0, 0, 0, 0, 0, 0, 0, 0, 0, 0, 0, 0),
(8, 8, 8, 0, 0, 0, 0, 0, 0, 0, 0, 0, 0, 0, 0, 0, 0, 0, 0, 0, 0, 0, 0, 0, 0, 0, 0, 0, 0, 0, 0, 0, 0, 0, 0, 0, 0, 0, 0, 0),
(9, 9, 9, 0, 0, 0, 0, 0, 0, 0, 0, 0, 0, 0, 0, 0, 0, 0, 0, 0, 0, 0, 0, 0, 0, 0, 0, 0, 0, 0, 0, 0, 0, 0, 0, 0, 0, 0, 0, 0),
(10, 10, 10, 0, 0, 0, 0, 0, 0, 0, 0, 0, 0, 0, 0, 0, 0, 0, 0, 0, 0, 0, 0, 0, 0, 0, 0, 0, 0, 0, 0, 0, 0, 0, 0, 0, 0, 0, 0, 0),
(11, 11, 11, 0, 0, 0, 0, 0, 0, 0, 0, 0, 0, 0, 0, 0, 0, 0, 0, 0, 0, 0, 0, 0, 0, 0, 0, 0, 0, 0, 0, 0, 0, 0, 0, 0, 0, 0, 0, 0),
(12, 12, 12, 0, 0, 0, 0, 0, 0, 0, 0, 0, 0, 0, 0, 0, 0, 0, 0, 0, 0, 0, 0, 0, 0, 0, 0, 0, 0, 0, 0, 0, 0, 0, 0, 0, 0, 0, 0, 0),
(13, 13, 13, 0, 0, 0, 0, 0, 0, 0, 0, 0, 0, 0, 0, 0, 0, 0, 0, 0, 0, 0, 0, 0, 0, 0, 0, 0, 0, 0, 0, 0, 0, 0, 0, 0, 0, 0, 0, 0),
(14, 14, 14, 0, 0, 0, 0, 0, 0, 0, 0, 0, 0, 0, 0, 0, 0, 0, 0, 0, 0, 0, 0, 0, 0, 0, 0, 0, 0, 0, 0, 0, 0, 0, 0, 0, 0, 0, 0, 0),
(15, 15, 15, 0, 0, 0, 0, 0, 0, 0, 0, 0, 0, 0, 0, 0, 0, 0, 0, 0, 0, 0, 0, 0, 0, 0, 0, 0, 0, 0, 0, 0, 0, 0, 0, 0, 0, 0, 0, 0),
(16, 16, 16, 0, 0, 0, 0, 0, 0, 0, 0, 0, 0, 0, 0, 0, 0, 0, 0, 0, 0, 0, 0, 0, 0, 0, 0, 0, 0, 0, 0, 0, 0, 0, 0, 0, 0, 0, 0, 0),
(17, 17, 17, 0, 0, 0, 0, 0, 0, 0, 0, 0, 0, 0, 0, 0, 0, 0, 0, 0, 0, 0, 0, 0, 0, 0, 0, 0, 0, 0, 0, 0, 0, 0, 0, 0, 0, 0, 0, 0),
(18, 18, 18, 0, 0, 0, 0, 0, 0, 0, 0, 0, 0, 0, 0, 0, 0, 0, 0, 0, 0, 0, 0, 0, 0, 0, 0, 0, 0, 0, 0, 0, 0, 0, 0, 0, 0, 0, 0, 0),
(19, 19, 19, 0, 0, 0, 0, 0, 0, 0, 0, 0, 0, 0, 0, 0, 0, 0, 0, 0, 0, 0, 0, 0, 0, 0, 0, 0, 0, 0, 0, 0, 0, 0, 0, 0, 0, 0, 0, 0),
(20, 20, 20, 0, 0, 0, 0, 0, 0, 0, 0, 0, 0, 0, 0, 0, 0, 0, 0, 0, 0, 0, 0, 0, 0, 0, 0, 0, 0, 0, 0, 0, 0, 0, 0, 0, 0, 0, 0, 0),
(21, 21, 21, 0, 0, 0, 0, 0, 0, 0, 0, 0, 0, 0, 0, 0, 0, 0, 0, 0, 0, 0, 0, 0, 0, 0, 0, 0, 0, 0, 0, 0, 0, 0, 0, 0, 0, 0, 0, 0),
(22, 22, 22, 0, 0, 0, 0, 0, 0, 0, 0, 0, 0, 0, 0, 0, 0, 0, 0, 0, 0, 0, 0, 0, 0, 0, 0, 0, 0, 0, 0, 0, 0, 0, 0, 0, 0, 0, 0, 0),
(23, 23, 23, 0, 0, 0, 0, 0, 0, 0, 0, 0, 0, 0, 0, 0, 0, 0, 0, 0, 0, 0, 0, 0, 0, 0, 0, 0, 0, 0, 0, 0, 0, 0, 0, 0, 0, 0, 0, 0),
(24, 24, 24, 0, 0, 0, 0, 0, 0, 0, 0, 0, 0, 0, 0, 0, 0, 0, 0, 0, 0, 0, 0, 0, 0, 0, 0, 0, 0, 0, 0, 0, 0, 0, 0, 0, 0, 0, 0, 0),
(25, 25, 25, 0, 0, 0, 0, 0, 0, 0, 0, 0, 0, 0, 0, 0, 0, 0, 0, 0, 0, 0, 0, 0, 0, 0, 0, 0, 0, 0, 0, 0, 0, 0, 0, 0, 0, 0, 0, 0),
(26, 26, 26, 0, 0, 0, 0, 0, 0, 0, 0, 0, 0, 0, 0, 0, 0, 0, 0, 0, 0, 0, 0, 0, 0, 0, 0, 0, 0, 0, 0, 0, 0, 0, 0, 0, 0, 0, 0, 0),
(27, 27, 27, 0, 0, 0, 0, 0, 0, 0, 0, 0, 0, 0, 0, 0, 0, 0, 0, 0, 0, 0, 0, 0, 0, 0, 0, 0, 0, 0, 0, 0, 0, 0, 0, 0, 0, 0, 0, 0),
(28, 28, 28, 0, 0, 0, 0, 0, 0, 0, 0, 0, 0, 0, 0, 0, 0, 0, 0, 0, 0, 0, 0, 0, 0, 0, 0, 0, 0, 0, 0, 0, 0, 0, 0, 0, 0, 0, 0, 0),
(29, 29, 29, 0, 0, 0, 0, 0, 0, 0, 0, 0, 0, 0, 0, 0, 0, 0, 0, 0, 0, 0, 0, 0, 0, 0, 0, 0, 0, 0, 0, 0, 0, 0, 0, 0, 0, 0, 0, 0),
(30, 30, 30, 0, 0, 0, 0, 0, 0, 0, 0, 0, 0, 0, 0, 0, 0, 0, 0, 0, 0, 0, 0, 0, 0, 0, 0, 0, 0, 0, 0, 0, 0, 0, 0, 0, 0, 0, 0, 0),
(31, 31, 31, 0, 0, 0, 0, 0, 0, 0, 0, 0, 0, 0, 0, 0, 0, 0, 0, 0, 0, 0, 0, 0, 0, 0, 0, 0, 0, 0, 0, 0, 0, 0, 0, 0, 0, 0, 0, 0),
(32, 32, 32, 0, 0, 0, 0, 0, 0, 0, 0, 0, 0, 0, 0, 0, 0, 0, 0, 0, 0, 0, 0, 0, 0, 0, 0, 0, 0, 0, 0, 0, 0, 0, 0, 0, 0, 0, 0, 0),
(33, 33, 33, 0, 0, 0, 0, 0, 0, 0, 0, 0, 0, 0, 0, 0, 0, 0, 0, 0, 0, 0, 0, 0, 0, 0, 0, 0, 0, 0, 0, 0, 0, 0, 0, 0, 0, 0, 0, 0),
(34, 34, 34, 0, 0, 0, 0, 0, 0, 0, 0, 0, 0, 0, 0, 0, 0, 0, 0, 0, 0, 0, 0, 0, 0, 0, 0, 0, 0, 0, 0, 0, 0, 0, 0, 0, 0, 0, 0, 0),
(35, 35, 35, 0, 0, 0, 0, 0, 0, 0, 0, 0, 0, 0, 0, 0, 0, 0, 0, 0, 0, 0, 0, 0, 0, 0, 0, 0, 0, 0, 0, 0, 0, 0, 0, 0, 0, 0, 0, 0),
(36, 36, 36, 0, 0, 0, 0, 0, 0, 0, 0, 0, 0, 0, 0, 0, 0, 0, 0, 0, 0, 0, 0, 0, 0, 0, 0, 0, 0, 0, 0, 0, 0, 0, 0, 0, 0, 0, 0, 0),
(37, 37, 37, 0, 0, 0, 0, 0, 0, 0, 0, 0, 0, 0, 0, 0, 0, 0, 0, 0, 0, 0, 0, 0, 0, 0, 0, 0, 0, 0, 0, 0, 0, 0, 0, 0, 0, 0, 0, 0),
(38, 38, 38, 0, 0, 0, 0, 0, 0, 0, 0, 0, 0, 0, 0, 0, 0, 0, 0, 0, 0, 0, 0, 0, 0, 0, 0, 0, 0, 0, 0, 0, 0, 0, 0, 0, 0, 0, 0, 0),
(39, 39, 39, 0, 0, 0, 0, 0, 0, 0, 0, 0, 0, 0, 0, 0, 0, 0, 0, 0, 0, 0, 0, 0, 0, 0, 0, 0, 0, 0, 0, 0, 0, 0, 0, 0, 0, 0, 0, 0),
(40, 40, 40, 0, 0, 0, 0, 0, 0, 0, 0, 0, 0, 0, 0, 0, 0, 0, 0, 0, 0, 0, 0, 0, 0, 0, 0, 0, 0, 0, 0, 0, 0, 0, 0, 0, 0, 0, 0, 0),
(41, 41, 41, 0, 0, 0, 0, 0, 0, 0, 0, 0, 0, 0, 0, 0, 0, 0, 0, 0, 0, 0, 0, 0, 0, 0, 0, 0, 0, 0, 0, 0, 0, 0, 0, 0, 0, 0, 0, 0),
(42, 42, 42, 0, 0, 0, 0, 0, 0, 0, 0, 0, 0, 0, 0, 0, 0, 0, 0, 0, 0, 0, 0, 0, 0, 0, 0, 0, 0, 0, 0, 0, 0, 0, 0, 0, 0, 0, 0, 0),
(43, 43, 43, 0, 0, 0, 0, 0, 0, 0, 0, 0, 0, 0, 0, 0, 0, 0, 0, 0, 0, 0, 0, 0, 0, 0, 0, 0, 0, 0, 0, 0, 0, 0, 0, 0, 0, 0, 0, 0),
(44, 44, 44, 0, 0, 0, 0, 0, 0, 0, 0, 0, 0, 0, 0, 0, 0, 0, 0, 0, 0, 0, 0, 0, 0, 0, 0, 0, 0, 0, 0, 0, 0, 0, 0, 0, 0, 0, 0, 0),
(45, 45, 45, 0, 0, 0, 0, 0, 0, 0, 0, 0, 0, 0, 0, 0, 0, 0, 0, 0, 0, 0, 0, 0, 0, 0, 0, 0, 0, 0, 0, 0, 0, 0, 0, 0, 0, 0, 0, 0),
(46, 46, 46, 0, 0, 0, 0, 0, 0, 0, 0, 0, 0, 0, 0, 0, 0, 0, 0, 0, 0, 0, 0, 0, 0, 0, 0, 0, 0, 0, 0, 0, 0, 0, 0, 0, 0, 0, 0, 0),
(47, 47, 47, 0, 0, 0, 0, 0, 0, 0, 0, 0, 0, 0, 0, 0, 0, 0, 0, 0, 0, 0, 0, 0, 0, 0, 0, 0, 0, 0, 0, 0, 0, 0, 0, 0, 0, 0, 0, 0),
(48, 48, 48, 0, 0, 0, 0, 0, 0, 0, 0, 0, 0, 0, 0, 0, 0, 0, 0, 0, 0, 0, 0, 0, 0, 0, 0, 0, 0, 0, 0, 0, 0, 0, 0, 0, 0, 0, 0, 0),
(49, 49, 49, 0, 0, 0, 0, 0, 0, 0, 0, 0, 0, 0, 0, 0, 0, 0, 0, 0, 0, 0, 0, 0, 0, 0, 0, 0, 0, 0, 0, 0, 0, 0, 0, 0, 0, 0, 0, 0),
(50, 50, 50, 0, 0, 0, 0, 0, 0, 0, 0, 0, 0, 0, 0, 0, 0, 0, 0, 0, 0, 0, 0, 0, 0, 0, 0, 0, 0, 0, 0, 0, 0, 0, 0, 0, 0, 0, 0, 0),
(51, 51, 51, 0, 0, 0, 0, 0, 0, 0, 0, 0, 0, 0, 0, 0, 0, 0, 0, 0, 0, 0, 0, 0, 0, 0, 0, 0, 0, 0, 0, 0, 0, 0, 0, 0, 0, 0, 0, 0),
(52, 52, 52, 0, 0, 0, 0, 0, 0, 0, 0, 0, 0, 0, 0, 0, 0, 0, 0, 0, 0, 0, 0, 0, 0, 0, 0, 0, 0, 0, 0, 0, 0, 0, 0, 0, 0, 0, 0, 0),
(53, 53, 53, 0, 0, 0, 0, 0, 0, 0, 0, 0, 0, 0, 0, 0, 0, 0, 0, 0, 0, 0, 0, 0, 0, 0, 0, 0, 0, 0, 0, 0, 0, 0, 0, 0, 0, 0, 0, 0),
(54, 54, 54, 0, 0, 0, 0, 0, 0, 0, 0, 0, 0, 0, 0, 0, 0, 0, 0, 0, 0, 0, 0, 0, 0, 0, 0, 0, 0, 0, 0, 0, 0, 0, 0, 0, 0, 0, 0, 0),
(55, 55, 55, 0, 0, 0, 0, 0, 0, 0, 0, 0, 0, 0, 0, 0, 0, 0, 0, 0, 0, 0, 0, 0, 0, 0, 0, 0, 0, 0, 0, 0, 0, 0, 0, 0, 0, 0, 0, 0),
(56, 56, 56, 0, 0, 0, 0, 0, 0, 0, 0, 0, 0, 0, 0, 0, 0, 0, 0, 0, 0, 0, 0, 0, 0, 0, 0, 0, 0, 0, 0, 0, 0, 0, 0, 0, 0, 0, 0, 0),
(57, 57, 57, 0, 0, 0, 0, 0, 0, 0, 0, 0, 0, 0, 0, 0, 0, 0, 0, 0, 0, 0, 0, 0, 0, 0, 0, 0, 0, 0, 0, 0, 0, 0, 0, 0, 0, 0, 0, 0),
(58, 58, 58, 0, 0, 0, 0, 0, 0, 0, 0, 0, 0, 0, 0, 0, 0, 0, 0, 0, 0, 0, 0, 0, 0, 0, 0, 0, 0, 0, 0, 0, 0, 0, 0, 0, 0, 0, 0, 0),
(59, 59, 59, 0, 0, 0, 0, 0, 0, 0, 0, 0, 0, 0, 0, 0, 0, 0, 0, 0, 0, 0, 0, 0, 0, 0, 0, 0, 0, 0, 0, 0, 0, 0, 0, 0, 0, 0, 0, 0),
(60, 60, 60, 0, 0, 0, 0, 0, 0, 0, 0, 0, 0, 0, 0, 0, 0, 0, 0, 0, 0, 0, 0, 0, 0, 0, 0, 0, 0, 0, 0, 0, 0, 0, 0, 0, 0, 0, 0, 0),
(61, 61, 61, 0, 0, 0, 0, 0, 0, 0, 0, 0, 0, 0, 0, 0, 0, 0, 0, 0, 0, 0, 0, 0, 0, 0, 0, 0, 0, 0, 0, 0, 0, 0, 0, 0, 0, 0, 0, 0),
(62, 62, 62, 0, 0, 0, 0, 0, 0, 0, 0, 0, 0, 0, 0, 0, 0, 0, 0, 0, 0, 0, 0, 0, 0, 0, 0, 0, 0, 0, 0, 0, 0, 0, 0, 0, 0, 0, 0, 0),
(63, 63, 63, 0, 0, 0, 0, 0, 0, 0, 0, 0, 0, 0, 0, 0, 0, 0, 0, 0, 0, 0, 0, 0, 0, 0, 0, 0, 0, 0, 0, 0, 0, 0, 0, 0, 0, 0, 0, 0),
(64, 64, 64, 0, 0, 0, 0, 0, 0, 0, 0, 0, 0, 0, 0, 0, 0, 0, 0, 0, 0, 0, 0, 0, 0, 0, 0, 0, 0, 0, 0, 0, 0, 0, 0, 0, 0, 0, 0, 0),
(65, 65, 65, 0, 0, 0, 0, 0, 0, 0, 0, 0, 0, 0, 0, 0, 0, 0, 0, 0, 0, 0, 0, 0, 0, 0, 0, 0, 0, 0, 0, 0, 0, 0, 0, 0, 0, 0, 0, 0),
(66, 66, 66, 0, 0, 0, 0, 0, 0, 0, 0, 0, 0, 0, 0, 0, 0, 0, 0, 0, 0, 0, 0, 0, 0, 0, 0, 0, 0, 0, 0, 0, 0, 0, 0, 0, 0, 0, 0, 0),
(67, 67, 67, 0, 0, 0, 0, 0, 0, 0, 0, 0, 0, 0, 0, 0, 0, 0, 0, 0, 0, 0, 0, 0, 0, 0, 0, 0, 0, 0, 0, 0, 0, 0, 0, 0, 0, 0, 0, 0),
(68, 68, 68, 0, 0, 0, 0, 0, 0, 0, 0, 0, 0, 0, 0, 0, 0, 0, 0, 0, 0, 0, 0, 0, 0, 0, 0, 0, 0, 0, 0, 0, 0, 0, 0, 0, 0, 0, 0, 0),
(69, 69, 69, 0, 0, 0, 0, 0, 0, 0, 0, 0, 0, 0, 0, 0, 0, 0, 0, 0, 0, 0, 0, 0, 0, 0, 0, 0, 0, 0, 0, 0, 0, 0, 0, 0, 0, 0, 0, 0),
(70, 70, 70, 0, 0, 0, 0, 0, 0, 0, 0, 0, 0, 0, 0, 0, 0, 0, 0, 0, 0, 0, 0, 0, 0, 0, 0, 0, 0, 0, 0, 0, 0, 0, 0, 0, 0, 0, 0, 0),
(71, 71, 71, 0, 0, 0, 0, 0, 0, 0, 0, 0, 0, 0, 0, 0, 0, 0, 0, 0, 0, 0, 0, 0, 0, 0, 0, 0, 0, 0, 0, 0, 0, 0, 0, 0, 0, 0, 0, 0),
(72, 72, 72, 0, 0, 0, 0, 0, 0, 0, 0, 0, 0, 0, 0, 0, 0, 0, 0, 0, 0, 0, 0, 0, 0, 0, 0, 0, 0, 0, 0, 0, 0, 0, 0, 0, 0, 0, 0, 0),
(73, 73, 73, 0, 0, 0, 0, 0, 0, 0, 0, 0, 0, 0, 0, 0, 0, 0, 0, 0, 0, 0, 0, 0, 0, 0, 0, 0, 0, 0, 0, 0, 0, 0, 0, 0, 0, 0, 0, 0),
(74, 74, 74, 0, 0, 0, 0, 0, 0, 0, 0, 0, 0, 0, 0, 0, 0, 0, 0, 0, 0, 0, 0, 0, 0, 0, 0, 0, 0, 0, 0, 0, 0, 0, 0, 0, 0, 0, 0, 0),
(75, 75, 75, 0, 0, 0, 0, 0, 0, 0, 0, 0, 0, 0, 0, 0, 0, 0, 0, 0, 0, 0, 0, 0, 0, 0, 0, 0, 0, 0, 0, 0, 0, 0, 0, 0, 0, 0, 0, 0),
(76, 76, 76, 0, 0, 0, 0, 0, 0, 0, 0, 0, 0, 0, 0, 0, 0, 0, 0, 0, 0, 0, 0, 0, 0, 0, 0, 0, 0, 0, 0, 0, 0, 0, 0, 0, 0, 0, 0, 0),
(77, 77, 77, 0, 0, 0, 0, 0, 0, 0, 0, 0, 0, 0, 0, 0, 0, 0, 0, 0, 0, 0, 0, 0, 0, 0, 0, 0, 0, 0, 0, 0, 0, 0, 0, 0, 0, 0, 0, 0),
(78, 78, 78, 0, 0, 0, 0, 0, 0, 0, 0, 0, 0, 0, 0, 0, 0, 0, 0, 0, 0, 0, 0, 0, 0, 0, 0, 0, 0, 0, 0, 0, 0, 0, 0, 0, 0, 0, 0, 0),
(79, 79, 79, 0, 0, 0, 0, 0, 0, 0, 0, 0, 0, 0, 0, 0, 0, 0, 0, 0, 0, 0, 0, 0, 0, 0, 0, 0, 0, 0, 0, 0, 0, 0, 0, 0, 0, 0, 0, 0),
(80, 80, 80, 0, 0, 0, 0, 0, 0, 0, 0, 0, 0, 0, 0, 0, 0, 0, 0, 0, 0, 0, 0, 0, 0, 0, 0, 0, 0, 0, 0, 0, 0, 0, 0, 0, 0, 0, 0, 0),
(81, 81, 81, 0, 0, 0, 0, 0, 0, 0, 0, 0, 0, 0, 0, 0, 0, 0, 0, 0, 0, 0, 0, 0, 0, 0, 0, 0, 0, 0, 0, 0, 0, 0, 0, 0, 0, 0, 0, 0),
(82, 82, 82, 0, 0, 0, 0, 0, 0, 0, 0, 0, 0, 0, 0, 0, 0, 0, 0, 0, 0, 0, 0, 0, 0, 0, 0, 0, 0, 0, 0, 0, 0, 0, 0, 0, 0, 0, 0, 0),
(83, 83, 83, 0, 0, 0, 0, 0, 0, 0, 0, 0, 0, 0, 0, 0, 0, 0, 0, 0, 0, 0, 0, 0, 0, 0, 0, 0, 0, 0, 0, 0, 0, 0, 0, 0, 0, 0, 0, 0),
(84, 84, 84, 0, 0, 0, 0, 0, 0, 0, 0, 0, 0, 0, 0, 0, 0, 0, 0, 0, 0, 0, 0, 0, 0, 0, 0, 0, 0, 0, 0, 0, 0, 0, 0, 0, 0, 0, 0, 0),
(85, 85, 85, 0, 0, 0, 0, 0, 0, 0, 0, 0, 0, 0, 0, 0, 0, 0, 0, 0, 0, 0, 0, 0, 0, 0, 0, 0, 0, 0, 0, 0, 0, 0, 0, 0, 0, 0, 0, 0),
(86, 86, 86, 0, 0, 0, 0, 0, 0, 0, 0, 0, 0, 0, 0, 0, 0, 0, 0, 0, 0, 0, 0, 0, 0, 0, 0, 0, 0, 0, 0, 0, 0, 0, 0, 0, 0, 0, 0, 0),
(87, 87, 87, 0, 0, 0, 0, 0, 0, 0, 0, 0, 0, 0, 0, 0, 0, 0, 0, 0, 0, 0, 0, 0, 0, 0, 0, 0, 0, 0, 0, 0, 0, 0, 0, 0, 0, 0, 0, 0),
(88, 88, 88, 0, 0, 0, 0, 0, 0, 0, 0, 0, 0, 0, 0, 0, 0, 0, 0, 0, 0, 0, 0, 0, 0, 0, 0, 0, 0, 0, 0, 0, 0, 0, 0, 0, 0, 0, 0, 0),
(89, 89, 89, 0, 0, 0, 0, 0, 0, 0, 0, 0, 0, 0, 0, 0, 0, 0, 0, 0, 0, 0, 0, 0, 0, 0, 0, 0, 0, 0, 0, 0, 0, 0, 0, 0, 0, 0, 0, 0),
(90, 90, 90, 0, 0, 0, 0, 0, 0, 0, 0, 0, 0, 0, 0, 0, 0, 0, 0, 0, 0, 0, 0, 0, 0, 0, 0, 0, 0, 0, 0, 0, 0, 0, 0, 0, 0, 0, 0, 0),
(91, 91, 91, 0, 0, 0, 0, 0, 0, 0, 0, 0, 0, 0, 0, 0, 0, 0, 0, 0, 0, 0, 0, 0, 0, 0, 0, 0, 0, 0, 0, 0, 0, 0, 0, 0, 0, 0, 0, 0),
(92, 92, 92, 0, 0, 0, 0, 0, 0, 0, 0, 0, 0, 0, 0, 0, 0, 0, 0, 0, 0, 0, 0, 0, 0, 0, 0, 0, 0, 0, 0, 0, 0, 0, 0, 0, 0, 0, 0, 0),
(93, 93, 93, 0, 0, 0, 0, 0, 0, 0, 0, 0, 0, 0, 0, 0, 0, 0, 0, 0, 0, 0, 0, 0, 0, 0, 0, 0, 0, 0, 0, 0, 0, 0, 0, 0, 0, 0, 0, 0),
(94, 94, 94, 0, 0, 0, 0, 0, 0, 0, 0, 0, 0, 0, 0, 0, 0, 0, 0, 0, 0, 0, 0, 0, 0, 0, 0, 0, 0, 0, 0, 0, 0, 0, 0, 0, 0, 0, 0, 0),
(95, 95, 95, 0, 0, 0, 0, 0, 0, 0, 0, 0, 0, 0, 0, 0, 0, 0, 0, 0, 0, 0, 0, 0, 0, 0, 0, 0, 0, 0, 0, 0, 0, 0, 0, 0, 0, 0, 0, 0),
(96, 96, 96, 0, 0, 0, 0, 0, 0, 0, 0, 0, 0, 0, 0, 0, 0, 0, 0, 0, 0, 0, 0, 0, 0, 0, 0, 0, 0, 0, 0, 0, 0, 0, 0, 0, 0, 0, 0, 0),
(97, 97, 97, 0, 0, 0, 0, 0, 0, 0, 0, 0, 0, 0, 0, 0, 0, 0, 0, 0, 0, 0, 0, 0, 0, 0, 0, 0, 0, 0, 0, 0, 0, 0, 0, 0, 0, 0, 0, 0),
(98, 98, 98, 0, 0, 0, 0, 0, 0, 0, 0, 0, 0, 0, 0, 0, 0, 0, 0, 0, 0, 0, 0, 0, 0, 0, 0, 0, 0, 0, 0, 0, 0, 0, 0, 0, 0, 0, 0, 0),
(99, 99, 99, 0, 0, 0, 0, 0, 0, 0, 0, 0, 0, 0, 0, 0, 0, 0, 0, 0, 0, 0, 0, 0, 0, 0, 0, 0, 0, 0, 0, 0, 0, 0, 0, 0, 0, 0, 0, 0),
(100, 100, 100, 0, 0, 0, 0, 0, 0, 0, 0, 0, 0, 0, 0, 0, 0, 0, 0, 0, 0, 0, 0, 0, 0, 0, 0, 0, 0, 0, 0, 0, 0, 0, 0, 0, 0, 0, 0, 0),
(101, 101, 101, 0, 0, 0, 0, 0, 0, 0, 0, 0, 0, 0, 0, 0, 0, 0, 0, 0, 0, 0, 0, 0, 0, 0, 0, 0, 0, 0, 0, 0, 0, 0, 0, 0, 0, 0, 0, 0),
(102, 102, 102, 0, 0, 0, 0, 0, 0, 0, 0, 0, 0, 0, 0, 0, 0, 0, 0, 0, 0, 0, 0, 0, 0, 0, 0, 0, 0, 0, 0, 0, 0, 0, 0, 0, 0, 0, 0, 0),
(103, 103, 103, 0, 0, 0, 0, 0, 0, 0, 0, 0, 0, 0, 0, 0, 0, 0, 0, 0, 0, 0, 0, 0, 0, 0, 0, 0, 0, 0, 0, 0, 0, 0, 0, 0, 0, 0, 0, 0),
(104, 104, 104, 0, 0, 0, 0, 0, 0, 0, 0, 0, 0, 0, 0, 0, 0, 0, 0, 0, 0, 0, 0, 0, 0, 0, 0, 0, 0, 0, 0, 0, 0, 0, 0, 0, 0, 0, 0, 0),
(105, 105, 105, 0, 0, 0, 0, 0, 0, 0, 0, 0, 0, 0, 0, 0, 0, 0, 0, 0, 0, 0, 0, 0, 0, 0, 0, 0, 0, 0, 0, 0, 0, 0, 0, 0, 0, 0, 0, 0),
(106, 106, 106, 0, 0, 0, 0, 0, 0, 0, 0, 0, 0, 0, 0, 0, 0, 0, 0, 0, 0, 0, 0, 0, 0, 0, 0, 0, 0, 0, 0, 0, 0, 0, 0, 0, 0, 0, 0, 0),
(107, 107, 107, 0, 0, 0, 0, 0, 0, 0, 0, 0, 0, 0, 0, 0, 0, 0, 0, 0, 0, 0, 0, 0, 0, 0, 0, 0, 0, 0, 0, 0, 0, 0, 0, 0, 0, 0, 0, 0),
(108, 108, 108, 0, 0, 0, 0, 0, 0, 0, 0, 0, 0, 0, 0, 0, 0, 0, 0, 0, 0, 0, 0, 0, 0, 0, 0, 0, 0, 0, 0, 0, 0, 0, 0, 0, 0, 0, 0, 0),
(109, 109, 109, 0, 0, 0, 0, 0, 0, 0, 0, 0, 0, 0, 0, 0, 0, 0, 0, 0, 0, 0, 0, 0, 0, 0, 0, 0, 0, 0, 0, 0, 0, 0, 0, 0, 0, 0, 0, 0),
(110, 110, 110, 0, 0, 0, 0, 0, 0, 0, 0, 0, 0, 0, 0, 0, 0, 0, 0, 0, 0, 0, 0, 0, 0, 0, 0, 0, 0, 0, 0, 0, 0, 0, 0, 0, 0, 0, 0, 0),
(111, 111, 111, 0, 0, 0, 0, 0, 0, 0, 0, 0, 0, 0, 0, 0, 0, 0, 0, 0, 0, 0, 0, 0, 0, 0, 0, 0, 0, 0, 0, 0, 0, 0, 0, 0, 0, 0, 0, 0),
(112, 112, 112, 0, 0, 0, 0, 0, 0, 0, 0, 0, 0, 0, 0, 0, 0, 0, 0, 0, 0, 0, 0, 0, 0, 0, 0, 0, 0, 0, 0, 0, 0, 0, 0, 0, 0, 0, 0, 0),
(113, 113, 113, 0, 0, 0, 0, 0, 0, 0, 0, 0, 0, 0, 0, 0, 0, 0, 0, 0, 0, 0, 0, 0, 0, 0, 0, 0, 0, 0, 0, 0, 0, 0, 0, 0, 0, 0, 0, 0),
(114, 114, 114, 0, 0, 0, 0, 0, 0, 0, 0, 0, 0, 0, 0, 0, 0, 0, 0, 0, 0, 0, 0, 0, 0, 0, 0, 0, 0, 0, 0, 0, 0, 0, 0, 0, 0, 0, 0, 0),
(115, 115, 115, 0, 0, 0, 0, 0, 0, 0, 0, 0, 0, 0, 0, 0, 0, 0, 0, 0, 0, 0, 0, 0, 0, 0, 0, 0, 0, 0, 0, 0, 0, 0, 0, 0, 0, 0, 0, 0),
(116, 116, 116, 0, 0, 0, 0, 0, 0, 0, 0, 0, 0, 0, 0, 0, 0, 0, 0, 0, 0, 0, 0, 0, 0, 0, 0, 0, 0, 0, 0, 0, 0, 0, 0, 0, 0, 0, 0, 0),
(117, 117, 117, 0, 0, 0, 0, 0, 0, 0, 0, 0, 0, 0, 0, 0, 0, 0, 0, 0, 0, 0, 0, 0, 0, 0, 0, 0, 0, 0, 0, 0, 0, 0, 0, 0, 0, 0, 0, 0),
(118, 118, 118, 0, 0, 0, 0, 0, 0, 0, 0, 0, 0, 0, 0, 0, 0, 0, 0, 0, 0, 0, 0, 0, 0, 0, 0, 0, 0, 0, 0, 0, 0, 0, 0, 0, 0, 0, 0, 0),
(119, 119, 119, 0, 0, 0, 0, 0, 0, 0, 0, 0, 0, 0, 0, 0, 0, 0, 0, 0, 0, 0, 0, 0, 0, 0, 0, 0, 0, 0, 0, 0, 0, 0, 0, 0, 0, 0, 0, 0),
(120, 120, 120, 0, 0, 0, 0, 0, 0, 0, 0, 0, 0, 0, 0, 0, 0, 0, 0, 0, 0, 0, 0, 0, 0, 0, 0, 0, 0, 0, 0, 0, 0, 0, 0, 0, 0, 0, 0, 0),
(121, 121, 121, 0, 0, 0, 0, 0, 0, 0, 0, 0, 0, 0, 0, 0, 0, 0, 0, 0, 0, 0, 0, 0, 0, 0, 0, 0, 0, 0, 0, 0, 0, 0, 0, 0, 0, 0, 0, 0),
(122, 122, 122, 0, 0, 0, 0, 0, 0, 0, 0, 0, 0, 0, 0, 0, 0, 0, 0, 0, 0, 0, 0, 0, 0, 0, 0, 0, 0, 0, 0, 0, 0, 0, 0, 0, 0, 0, 0, 0),
(123, 123, 123, 0, 0, 0, 0, 0, 0, 0, 0, 0, 0, 0, 0, 0, 0, 0, 0, 0, 0, 0, 0, 0, 0, 0, 0, 0, 0, 0, 0, 0, 0, 0, 0, 0, 0, 0, 0, 0),
(124, 124, 124, 0, 0, 0, 0, 0, 0, 0, 0, 0, 0, 0, 0, 0, 0, 0, 0, 0, 0, 0, 0, 0, 0, 0, 0, 0, 0, 0, 0, 0, 0, 0, 0, 0, 0, 0, 0, 0),
(125, 125, 125, 0, 0, 0, 0, 0, 0, 0, 0, 0, 0, 0, 0, 0, 0, 0, 0, 0, 0, 0, 0, 0, 0, 0, 0, 0, 0, 0, 0, 0, 0, 0, 0, 0, 0, 0, 0, 0),
(126, 126, 126, 0, 0, 0, 0, 0, 0, 0, 0, 0, 0, 0, 0, 0, 0, 0, 0, 0, 0, 0, 0, 0, 0, 0, 0, 0, 0, 0, 0, 0, 0, 0, 0, 0, 0, 0, 0, 0),
(127, 127, 127, 0, 0, 0, 0, 0, 0, 0, 0, 0, 0, 0, 0, 0, 0, 0, 0, 0, 0, 0, 0, 0, 0, 0, 0, 0, 0, 0, 0, 0, 0, 0, 0, 0, 0, 0, 0, 0),
(128, 128, 128, 0, 0, 0, 0, 0, 0, 0, 0, 0, 0, 0, 0, 0, 0, 0, 0, 0, 0, 0, 0, 0, 0, 0, 0, 0, 0, 0, 0, 0, 0, 0, 0, 0, 0, 0, 0, 0),
(129, 129, 129, 0, 0, 0, 0, 0, 0, 0, 0, 0, 0, 0, 0, 0, 0, 0, 0, 0, 0, 0, 0, 0, 0, 0, 0, 0, 0, 0, 0, 0, 0, 0, 0, 0, 0, 0, 0, 0),
(130, 130, 130, 0, 0, 0, 0, 0, 0, 0, 0, 0, 0, 0, 0, 0, 0, 0, 0, 0, 0, 0, 0, 0, 0, 0, 0, 0, 0, 0, 0, 0, 0, 0, 0, 0, 0, 0, 0, 0),
(131, 131, 131, 0, 0, 0, 0, 0, 0, 0, 0, 0, 0, 0, 0, 0, 0, 0, 0, 0, 0, 0, 0, 0, 0, 0, 0, 0, 0, 0, 0, 0, 0, 0, 0, 0, 0, 0, 0, 0),
(132, 132, 132, 0, 0, 0, 0, 0, 0, 0, 0, 0, 0, 0, 0, 0, 0, 0, 0, 0, 0, 0, 0, 0, 0, 0, 0, 0, 0, 0, 0, 0, 0, 0, 0, 0, 0, 0, 0, 0),
(133, 133, 133, 0, 0, 0, 0, 0, 0, 0, 0, 0, 0, 0, 0, 0, 0, 0, 0, 0, 0, 0, 0, 0, 0, 0, 0, 0, 0, 0, 0, 0, 0, 0, 0, 0, 0, 0, 0, 0),
(134, 134, 134, 0, 0, 0, 0, 0, 0, 0, 0, 0, 0, 0, 0, 0, 0, 0, 0, 0, 0, 0, 0, 0, 0, 0, 0, 0, 0, 0, 0, 0, 0, 0, 0, 0, 0, 0, 0, 0),
(135, 135, 135, 0, 0, 0, 0, 0, 0, 0, 0, 0, 0, 0, 0, 0, 0, 0, 0, 0, 0, 0, 0, 0, 0, 0, 0, 0, 0, 0, 0, 0, 0, 0, 0, 0, 0, 0, 0, 0),
(136, 136, 136, 0, 0, 0, 0, 0, 0, 0, 0, 0, 0, 0, 0, 0, 0, 0, 0, 0, 0, 0, 0, 0, 0, 0, 0, 0, 0, 0, 0, 0, 0, 0, 0, 0, 0, 0, 0, 0),
(137, 137, 137, 0, 0, 0, 0, 0, 0, 0, 0, 0, 0, 0, 0, 0, 0, 0, 0, 0, 0, 0, 0, 0, 0, 0, 0, 0, 0, 0, 0, 0, 0, 0, 0, 0, 0, 0, 0, 0),
(138, 138, 138, 0, 0, 0, 0, 0, 0, 0, 0, 0, 0, 0, 0, 0, 0, 0, 0, 0, 0, 0, 0, 0, 0, 0, 0, 0, 0, 0, 0, 0, 0, 0, 0, 0, 0, 0, 0, 0),
(139, 139, 139, 0, 0, 0, 0, 0, 0, 0, 0, 0, 0, 0, 0, 0, 0, 0, 0, 0, 0, 0, 0, 0, 0, 0, 0, 0, 0, 0, 0, 0, 0, 0, 0, 0, 0, 0, 0, 0),
(140, 140, 140, 0, 0, 0, 0, 0, 0, 0, 0, 0, 0, 0, 0, 0, 0, 0, 0, 0, 0, 0, 0, 0, 0, 0, 0, 0, 0, 0, 0, 0, 0, 0, 0, 0, 0, 0, 0, 0),
(141, 141, 141, 0, 0, 0, 0, 0, 0, 0, 0, 0, 0, 0, 0, 0, 0, 0, 0, 0, 0, 0, 0, 0, 0, 0, 0, 0, 0, 0, 0, 0, 0, 0, 0, 0, 0, 0, 0, 0),
(142, 142, 142, 0, 0, 0, 0, 0, 0, 0, 0, 0, 0, 0, 0, 0, 0, 0, 0, 0, 0, 0, 0, 0, 0, 0, 0, 0, 0, 0, 0, 0, 0, 0, 0, 0, 0, 0, 0, 0),
(143, 143, 143, 0, 0, 0, 0, 0, 0, 0, 0, 0, 0, 0, 0, 0, 0, 0, 0, 0, 0, 0, 0, 0, 0, 0, 0, 0, 0, 0, 0, 0, 0, 0, 0, 0, 0, 0, 0, 0),
(144, 144, 144, 0, 0, 0, 0, 0, 0, 0, 0, 0, 0, 0, 0, 0, 0, 0, 0, 0, 0, 0, 0, 0, 0, 0, 0, 0, 0, 0, 0, 0, 0, 0, 0, 0, 0, 0, 0, 0),
(145, 145, 145, 0, 0, 0, 0, 0, 0, 0, 0, 0, 0, 0, 0, 0, 0, 0, 0, 0, 0, 0, 0, 0, 0, 0, 0, 0, 0, 0, 0, 0, 0, 0, 0, 0, 0, 0, 0, 0),
(146, 146, 146, 0, 0, 0, 0, 0, 0, 0, 0, 0, 0, 0, 0, 0, 0, 0, 0, 0, 0, 0, 0, 0, 0, 0, 0, 0, 0, 0, 0, 0, 0, 0, 0, 0, 0, 0, 0, 0),
(147, 147, 147, 0, 0, 0, 0, 0, 0, 0, 0, 0, 0, 0, 0, 0, 0, 0, 0, 0, 0, 0, 0, 0, 0, 0, 0, 0, 0, 0, 0, 0, 0, 0, 0, 0, 0, 0, 0, 0),
(148, 148, 148, 0, 0, 0, 0, 0, 0, 0, 0, 0, 0, 0, 0, 0, 0, 0, 0, 0, 0, 0, 0, 0, 0, 0, 0, 0, 0, 0, 0, 0, 0, 0, 0, 0, 0, 0, 0, 0),
(149, 149, 149, 0, 0, 0, 0, 0, 0, 0, 0, 0, 0, 0, 0, 0, 0, 0, 0, 0, 0, 0, 0, 0, 0, 0, 0, 0, 0, 0, 0, 0, 0, 0, 0, 0, 0, 0, 0, 0),
(150, 150, 150, 0, 0, 0, 0, 0, 0, 0, 0, 0, 0, 0, 0, 0, 0, 0, 0, 0, 0, 0, 0, 0, 0, 0, 0, 0, 0, 0, 0, 0, 0, 0, 0, 0, 0, 0, 0, 0);

-- --------------------------------------------------------

--
-- Struktur dari tabel `terminal`
--

CREATE TABLE `terminal` (
  `id_terminal` int(11) NOT NULL,
  `terminal` varchar(20) NOT NULL
) ENGINE=InnoDB DEFAULT CHARSET=latin1;

--
-- Dumping data untuk tabel `terminal`
--

INSERT INTO `terminal` (`id_terminal`, `terminal`) VALUES
(1, 'SURABAYA'),
(2, 'CARUBAN'),
(3, 'NGAWI'),
(4, 'SOLO'),
(5, 'KARTOSURO'),
(6, 'SALATIGA'),
(7, 'SEMARANG');

-- --------------------------------------------------------

--
-- Struktur dari tabel `tilangan`
--

CREATE TABLE `tilangan` (
  `id_tilangan` int(10) NOT NULL,
  `id_jadwal` varchar(11) NOT NULL,
  `denda` varchar(20) NOT NULL,
  `jenis_pelanggaran` varchar(100) NOT NULL,
  `tempat_kejadian` varchar(20) NOT NULL,
  `tanggal_batas_tilang` date NOT NULL,
  `status` int(1) NOT NULL DEFAULT '1' COMMENT '1=belum,2=sudah'
) ENGINE=InnoDB DEFAULT CHARSET=latin1;

--
-- Dumping data untuk tabel `tilangan`
--

INSERT INTO `tilangan` (`id_tilangan`, `id_jadwal`, `denda`, `jenis_pelanggaran`, `tempat_kejadian`, `tanggal_batas_tilang`, `status`) VALUES
(1, '1', '100000', 'Menerobos lampu merah', 'surabaya', '2018-08-01', 2);

-- --------------------------------------------------------

--
-- Struktur dari tabel `tpr`
--

CREATE TABLE `tpr` (
  `id_tpr` int(11) NOT NULL,
  `tpr_sby` int(11) NOT NULL,
  `mandor_sby` int(11) NOT NULL,
  `tpr_caruban` int(11) NOT NULL,
  `mandor_caruban` int(11) NOT NULL,
  `tpr_ngawi` int(11) NOT NULL,
  `mandor_ngawi` int(11) NOT NULL,
  `tpr_solo` int(11) NOT NULL,
  `mandor_solo` int(11) NOT NULL,
  `tpr_kartosuro` int(11) NOT NULL,
  `mandor_kartosuro` int(11) NOT NULL,
  `tpr_salatiga` int(11) NOT NULL,
  `mandor_salatiga` int(11) NOT NULL,
  `tpr_semarang` int(11) NOT NULL,
  `mandor_semarang` int(11) NOT NULL
) ENGINE=InnoDB DEFAULT CHARSET=latin1;

--
-- Dumping data untuk tabel `tpr`
--

INSERT INTO `tpr` (`id_tpr`, `tpr_sby`, `mandor_sby`, `tpr_caruban`, `mandor_caruban`, `tpr_ngawi`, `mandor_ngawi`, `tpr_solo`, `mandor_solo`, `tpr_kartosuro`, `mandor_kartosuro`, `tpr_salatiga`, `mandor_salatiga`, `tpr_semarang`, `mandor_semarang`) VALUES
(1, 2, 8000, 0, 0, 0, 0, 0, 0, 0, 0, 0, 0, 0, 0),
(2, 2, 16000, 0, 0, 0, 0, 0, 0, 0, 0, 0, 0, 0, 0);

-- --------------------------------------------------------

--
-- Struktur dari tabel `user`
--

CREATE TABLE `user` (
  `id` int(11) NOT NULL,
  `username` varchar(255) COLLATE utf8_unicode_ci NOT NULL,
  `auth_key` varchar(32) COLLATE utf8_unicode_ci NOT NULL,
  `password_hash` varchar(255) COLLATE utf8_unicode_ci NOT NULL,
  `password_reset_token` varchar(255) COLLATE utf8_unicode_ci DEFAULT NULL,
  `email` varchar(255) COLLATE utf8_unicode_ci NOT NULL,
  `status` smallint(6) NOT NULL DEFAULT '10',
  `created_at` int(11) NOT NULL,
  `updated_at` int(11) NOT NULL,
  `level` int(1) NOT NULL DEFAULT '1' COMMENT '1=kabag,2=keuangan,3=karcis'
) ENGINE=InnoDB DEFAULT CHARSET=utf8 COLLATE=utf8_unicode_ci;

--
-- Dumping data untuk tabel `user`
--

INSERT INTO `user` (`id`, `username`, `auth_key`, `password_hash`, `password_reset_token`, `email`, `status`, `created_at`, `updated_at`, `level`) VALUES
(1, 'puspa', 'YACEdhYhZ3gEEPfLgEOccYUYZHYD_z6y', '$2y$13$2PqPzMAkRWpLhKRrHyt0H.epNJsZm7SNP0rch/REcKwu5D2E5iVaC', NULL, 'puspa@gmail.com', 10, 1518605016, 1518605016, 0),
(2, 'kabag', 'Dm8Fs3QJ8hedGrxZCv2jV3lR_NoC3BqD', '$2y$13$XeCcGYFNKCzHEuFN4VcwlekhrzA49oYOkk07ELiRtWY0dBnO0Vs56', NULL, 'kabag@gmail.com', 10, 1519394488, 1519394488, 1),
(3, 'keuangan', '_KSrmTIBPy5yCYLVzD3NVguXJ0qlfDJK', '$2y$13$gEBurN6NxVwkYYlBDe0ZjeGmXnvbkZbP/n6KnF4rlSo66RjOn7V1e', NULL, 'keuangan@gmail.com', 10, 1519394532, 1519394532, 2),
(4, 'karcis', 'NL_YAgqgWYckH0HHZrVNESA2p7WBHOlK', '$2y$13$a9BGOcZOyHJ2TNF5P8ro2OExv5H/mTriPSLmp9bCWRdxuk5MLWpzi', NULL, 'karcis@gmail.com', 10, 1519394559, 1519394559, 3),
(5, 'ishom', 'w2-U6m-zCIySyqG9aYCUV34TM7atvUmD', '$2y$13$DnA2GL6qE4FIgclQ0m6TNOj6JjjzHWYeLWqiDeq7g7w0/3SQB6Moq', NULL, 'ishom@gmail.com', 10, 1520501033, 1520501033, 1),
(6, 'isho2', '9rQqXeVDDx1gEaNL1eVJL_kGn0fiyZBy', '$2y$13$rgN4MBXqARmFUuNA81FHbOZpjjzqI6Oc1mfTfCiYKl.wCuikpnaiC', NULL, 'isho2@gmail.com', 10, 1520501724, 1520501724, 3),
(7, 'puspa1', '2vhvGWmYefJs0zzYkRssCbOY6iqAw-X_', '$2y$13$NhKwq4a6F.fmPPcGO2N2oex6oMA5KRQv4hQQICbPkM2c4AJfSwQw6', NULL, 'puspa1@gmail.com', 10, 1520513868, 1520513868, 1),
(8, 'puspa2', 'aKKPSzzxJocCz3g7g4iafP4csL-pVIrl', '$2y$13$KsiS/FmvhlNxjCUn0DndfuJbEKbUJFPXQOd/ZTWySmvi7LErG0r16', NULL, 'puspa2@gmail.com', 10, 1520513939, 1520513939, 2),
(9, 'puspakeuangan', 'iLnad951ejz7XrffYo4FXBO-J-CetkXL', '$2y$13$I1KQKN6NnbVn8J4vQKM2humNBjOdETIVZGApHZq7opSS1QIWrJMk.', NULL, 'puspakeuangan@gmail.com', 10, 1526453899, 1526453899, 2),
(10, 'puspaayu', '5ptGMpN2A8B9cbjfe_i3y5c4Sth7chXJ', '$2y$13$8bRHrWqWshnI74xmdf.i3.u1XvkJjpeJJW6bgu2GTq143Tx3Ayi8q', NULL, 'puspaayu@gmail.com', 10, 1527873748, 1527873748, 3);

--
-- Indexes for dumped tables
--

--
-- Indexes for table `bon`
--
ALTER TABLE `bon`
  ADD PRIMARY KEY (`id_bon`);

--
-- Indexes for table `bus`
--
ALTER TABLE `bus`
  ADD PRIMARY KEY (`id_bus`);

--
-- Indexes for table `history`
--
ALTER TABLE `history`
  ADD PRIMARY KEY (`id`);

--
-- Indexes for table `izin`
--
ALTER TABLE `izin`
  ADD PRIMARY KEY (`id_izin`);

--
-- Indexes for table `jabatan`
--
ALTER TABLE `jabatan`
  ADD PRIMARY KEY (`id_jabatan`);

--
-- Indexes for table `jadwal_bus`
--
ALTER TABLE `jadwal_bus`
  ADD PRIMARY KEY (`id_jadwal`);

--
-- Indexes for table `jurusan`
--
ALTER TABLE `jurusan`
  ADD PRIMARY KEY (`id_jurusan`);

--
-- Indexes for table `karcis`
--
ALTER TABLE `karcis`
  ADD PRIMARY KEY (`id_stok`);

--
-- Indexes for table `karcis_setor`
--
ALTER TABLE `karcis_setor`
  ADD PRIMARY KEY (`id_karcis`);

--
-- Indexes for table `komplain`
--
ALTER TABLE `komplain`
  ADD PRIMARY KEY (`id_komplain`);

--
-- Indexes for table `libur`
--
ALTER TABLE `libur`
  ADD PRIMARY KEY (`id_libur`);

--
-- Indexes for table `migration`
--
ALTER TABLE `migration`
  ADD PRIMARY KEY (`version`);

--
-- Indexes for table `pegawai`
--
ALTER TABLE `pegawai`
  ADD PRIMARY KEY (`id_pegawai`);

--
-- Indexes for table `pegawai_shift`
--
ALTER TABLE `pegawai_shift`
  ADD PRIMARY KEY (`id`);

--
-- Indexes for table `setor`
--
ALTER TABLE `setor`
  ADD PRIMARY KEY (`id_setor`);

--
-- Indexes for table `terminal`
--
ALTER TABLE `terminal`
  ADD PRIMARY KEY (`id_terminal`);

--
-- Indexes for table `tilangan`
--
ALTER TABLE `tilangan`
  ADD PRIMARY KEY (`id_tilangan`);

--
-- Indexes for table `tpr`
--
ALTER TABLE `tpr`
  ADD PRIMARY KEY (`id_tpr`);

--
-- Indexes for table `user`
--
ALTER TABLE `user`
  ADD PRIMARY KEY (`id`),
  ADD UNIQUE KEY `username` (`username`),
  ADD UNIQUE KEY `email` (`email`),
  ADD UNIQUE KEY `password_reset_token` (`password_reset_token`);

--
-- AUTO_INCREMENT for dumped tables
--

--
-- AUTO_INCREMENT for table `bon`
--
ALTER TABLE `bon`
  MODIFY `id_bon` int(11) NOT NULL AUTO_INCREMENT;
--
-- AUTO_INCREMENT for table `bus`
--
ALTER TABLE `bus`
  MODIFY `id_bus` int(11) NOT NULL AUTO_INCREMENT, AUTO_INCREMENT=76;
--
-- AUTO_INCREMENT for table `history`
--
ALTER TABLE `history`
  MODIFY `id` int(11) NOT NULL AUTO_INCREMENT;
--
-- AUTO_INCREMENT for table `izin`
--
ALTER TABLE `izin`
  MODIFY `id_izin` int(10) NOT NULL AUTO_INCREMENT, AUTO_INCREMENT=4;
--
-- AUTO_INCREMENT for table `jabatan`
--
ALTER TABLE `jabatan`
  MODIFY `id_jabatan` int(10) NOT NULL AUTO_INCREMENT, AUTO_INCREMENT=3;
--
-- AUTO_INCREMENT for table `jadwal_bus`
--
ALTER TABLE `jadwal_bus`
  MODIFY `id_jadwal` int(11) NOT NULL AUTO_INCREMENT, AUTO_INCREMENT=676;
--
-- AUTO_INCREMENT for table `jurusan`
--
ALTER TABLE `jurusan`
  MODIFY `id_jurusan` int(10) NOT NULL AUTO_INCREMENT, AUTO_INCREMENT=6;
--
-- AUTO_INCREMENT for table `karcis`
--
ALTER TABLE `karcis`
  MODIFY `id_stok` int(11) NOT NULL AUTO_INCREMENT, AUTO_INCREMENT=72;
--
-- AUTO_INCREMENT for table `karcis_setor`
--
ALTER TABLE `karcis_setor`
  MODIFY `id_karcis` int(11) NOT NULL AUTO_INCREMENT, AUTO_INCREMENT=151;
--
-- AUTO_INCREMENT for table `komplain`
--
ALTER TABLE `komplain`
  MODIFY `id_komplain` int(10) NOT NULL AUTO_INCREMENT, AUTO_INCREMENT=5;
--
-- AUTO_INCREMENT for table `libur`
--
ALTER TABLE `libur`
  MODIFY `id_libur` int(11) NOT NULL AUTO_INCREMENT;
--
-- AUTO_INCREMENT for table `pegawai`
--
ALTER TABLE `pegawai`
  MODIFY `id_pegawai` int(11) NOT NULL AUTO_INCREMENT, AUTO_INCREMENT=305;
--
-- AUTO_INCREMENT for table `pegawai_shift`
--
ALTER TABLE `pegawai_shift`
  MODIFY `id` int(11) NOT NULL AUTO_INCREMENT;
--
-- AUTO_INCREMENT for table `setor`
--
ALTER TABLE `setor`
  MODIFY `id_setor` int(11) NOT NULL AUTO_INCREMENT, AUTO_INCREMENT=151;
--
-- AUTO_INCREMENT for table `terminal`
--
ALTER TABLE `terminal`
  MODIFY `id_terminal` int(11) NOT NULL AUTO_INCREMENT, AUTO_INCREMENT=8;
--
-- AUTO_INCREMENT for table `tilangan`
--
ALTER TABLE `tilangan`
  MODIFY `id_tilangan` int(10) NOT NULL AUTO_INCREMENT, AUTO_INCREMENT=2;
--
-- AUTO_INCREMENT for table `tpr`
--
ALTER TABLE `tpr`
  MODIFY `id_tpr` int(11) NOT NULL AUTO_INCREMENT, AUTO_INCREMENT=3;
--
-- AUTO_INCREMENT for table `user`
--
ALTER TABLE `user`
  MODIFY `id` int(11) NOT NULL AUTO_INCREMENT, AUTO_INCREMENT=11;
/*!40101 SET CHARACTER_SET_CLIENT=@OLD_CHARACTER_SET_CLIENT */;
/*!40101 SET CHARACTER_SET_RESULTS=@OLD_CHARACTER_SET_RESULTS */;
/*!40101 SET COLLATION_CONNECTION=@OLD_COLLATION_CONNECTION */;
